Godot Engine v4.7.2.stable.official.ed1daf0bf - https://godotengine.org

[   0% ] first_scan_filesystem | Started 项目初始化 (5 steps)
[   0% ] first_scan_filesystem | 正在扫描文件结构……
[  16% ] first_scan_filesystem | 正在加载全局类名……
[  33% ] first_scan_filesystem | 正在校验 GDExtension……
[  50% ] first_scan_filesystem | 正在创建自动加载脚本……
[  66% ] first_scan_filesystem | 正在初始化插件……
[  83% ] first_scan_filesystem | 正在启动文件扫描……
[ DONE ] first_scan_filesystem

WARNING: Missing .uid file for path "res://tests/B12Catalog.gd". The file was re-created from cache.
   at: _process_file_system (editor/file_system/editor_file_system.cpp:1391)
WARNING: Missing .uid file for path "res://tests/B12LineOfSightRegression.gd". The file was re-created from cache.
   at: _process_file_system (editor/file_system/editor_file_system.cpp:1391)
WARNING: Missing .uid file for path "res://tests/B12Save.gd". The file was re-created from cache.
   at: _process_file_system (editor/file_system/editor_file_system.cpp:1391)
WARNING: Missing .uid file for path "res://tests/B12Strength.gd". The file was re-created from cache.
   at: _process_file_system (editor/file_system/editor_file_system.cpp:1391)
WARNING: Missing .uid file for path "res://tests/B12UI.gd". The file was re-created from cache.
   at: _process_file_system (editor/file_system/editor_file_system.cpp:1391)
WARNING: Missing .uid file for path "res://tests/B12Visual.gd". The file was re-created from cache.
   at: _process_file_system (editor/file_system/editor_file_system.cpp:1391)
WARNING: Missing .uid file for path "res://tests/B12WeaponBench.gd". The file was re-created from cache.
   at: _process_file_system (editor/file_system/editor_file_system.cpp:1391)
[   0% ] _update_scan_actions | Started 正在扫描动作…… (3 steps)
[   0% ] _update_scan_actions | index.apple-touch-icon.png
[  25% ] _update_scan_actions | index.icon.png
[  50% ] _update_scan_actions | index.png
[ DONE ] _update_scan_actions

[   0% ] savepack | Started 打包中 (102 steps)
[   1% ] savepack | 正在保存文件：res://.godot/imported/game-icon.png-c15b455dcd7691fa6ff8da04c345c5c9.ctex
[   1% ] savepack | 正在保存文件：res://game-icon.png.import
[   1% ] savepack | 正在保存文件：res://.godot/imported/184 (1).png-edf75873c3a70342eb597dbae857633a.ctex
[   1% ] savepack | 正在保存文件：res://184 (1).png.import
[   1% ] savepack | 正在保存文件：res://ui/widgets/Scoreboard.gdc
[   1% ] savepack | 正在保存文件：res://.godot/exported/133200997/export-9b5728d038af4d11759c39cfb6d862db-RewardTopItem.scn
[   1% ] savepack | 正在保存文件：res://ui/widgets/RewardTopItem.gdc
[   1% ] savepack | 正在保存文件：res://.godot/exported/133200997/export-468e48998fbccddbb81fb2cf5996dba8-RewardShopItem.scn
[   1% ] savepack | 正在保存文件：res://.godot/exported/133200997/export-f0a4ea32b72b64218d23e48a955cbc61-test.scn
[   1% ] savepack | 正在保存文件：res://.godot/imported/icon.svg-218a8f2b3041327d8a5756f3a245f83b.ctex
[   1% ] savepack | 正在保存文件：res://icon.svg.import
[   1% ] savepack | 正在保存文件：res://.godot/exported/133200997/export-783cb05e84dbc9d4c9cec25d49e29660-ShopTooltip.scn
[   1% ] savepack | 正在保存文件：res://.godot/exported/133200997/export-641711748f58787a85728aee4508fc46-ShopPanel.scn
[   1% ] savepack | 正在保存文件：res://ui/widgets/ShopPanel.gdc
[   1% ] savepack | 正在保存文件：res://.godot/exported/133200997/export-9c15158f543feb4213ad0bd338fa4c56-Scoreboard.scn
[   1% ] savepack | 正在保存文件：res://.godot/imported/circle.png-49deb66a2171d4476d4de5b40b7c62d8.ctex
[   1% ] savepack | 正在保存文件：res://addons/scene_manager/shader_patterns/circle.png.import
[   1% ] savepack | 正在保存文件：res://.godot/imported/curtains.png-f5a25cbc897d336641cfbab203b5832e.ctex
[   1% ] savepack | 正在保存文件：res://addons/scene_manager/shader_patterns/curtains.png.import
[   2% ] savepack | 正在保存文件：res://.godot/imported/diagonal.png-fda70de082e7ad6bc449e3580ab09c7f.ctex
[   2% ] savepack | 正在保存文件：res://addons/scene_manager/shader_patterns/diagonal.png.import
[   2% ] savepack | 正在保存文件：res://.godot/imported/horizontal.png-350a31fe557936e31f870194c26cef69.ctex
[   2% ] savepack | 正在保存文件：res://addons/scene_manager/shader_patterns/horizontal.png.import
[   2% ] savepack | 正在保存文件：res://.godot/imported/radial.png-45b81257cf212bc197b861ea33052002.ctex
[   2% ] savepack | 正在保存文件：res://addons/scene_manager/shader_patterns/radial.png.import
[   2% ] savepack | 正在保存文件：res://.godot/imported/scribbles.png-430a0f7331a442eb053961f8e9bb82f0.ctex
[   2% ] savepack | 正在保存文件：res://addons/scene_manager/shader_patterns/scribbles.png.import
[   2% ] savepack | 正在保存文件：res://.godot/imported/squares.png-a8c8144d665aa3e0d712474304ad6e6f.ctex
[   2% ] savepack | 正在保存文件：res://addons/scene_manager/shader_patterns/squares.png.import
[   2% ] savepack | 正在保存文件：res://.godot/imported/vertical.png-5d237b9ea3cdd66e653ef032da0bd507.ctex
[   2% ] savepack | 正在保存文件：res://addons/scene_manager/shader_patterns/vertical.png.import
[   2% ] savepack | 正在保存文件：res://addons/scene_manager/Dissolve2d.gdshader
[   2% ] savepack | 正在保存文件：res://.godot/imported/icon.png-1ae74eb651b355b4baf5d77f5493a2f8.ctex
[   2% ] savepack | 正在保存文件：res://addons/scene_manager/icon.png.import
[   2% ] savepack | 正在保存文件：res://addons/scene_manager/NodeFlagsInspectorPlugin.gdc
[   2% ] savepack | 正在保存文件：res://addons/scene_manager/SceneManager.gdc
[   2% ] savepack | 正在保存文件：res://.godot/exported/133200997/export-01225e9cf36f316e4f3c0735290bb0f1-SceneManager.scn
[   2% ] savepack | 正在保存文件：res://addons/scene_manager/SceneManagerConstants.gdc
[   2% ] savepack | 正在保存文件：res://addons/scene_manager/SceneManagerPlugin.gdc
[   3% ] savepack | 正在保存文件：res://.godot/exported/133200997/export-e950d1c5d0169a4ba5d3cb5e34fb0277-ShaderFade.res
[   3% ] savepack | 正在保存文件：res://addons/scene_manager/SingletonCheckProperty.gdc
[   3% ] savepack | 正在保存文件：res://addons/scene_manager/SingletonNameProperty.gdc
[   3% ] savepack | 正在保存文件：res://ui/WeaponAmItem.gdc
[   3% ] savepack | 正在保存文件：res://.godot/imported/Cephalopod.ogg-07b6719ea6155c75440894659480dbef.oggvorbisstr
[   3% ] savepack | 正在保存文件：res://audio/bgm/Cephalopod.ogg.import
[   3% ] savepack | 正在保存文件：res://.godot/exported/133200997/export-a94d9f6cb48ca89894fc5df2fa434568-theme.res
[   3% ] savepack | 正在保存文件：res://.godot/imported/Cut and Run.ogg-5cc2cad8658130348573b073b1f4d13a.oggvorbisstr
[   3% ] savepack | 正在保存文件：res://audio/bgm/Cut and Run.ogg.import
[   3% ] savepack | 正在保存文件：res://.godot/imported/BLLTShel_Reload Ammo_01.wav-9c05c767ab0717a1c11671c005f068c5.sample
[   3% ] savepack | 正在保存文件：res://audio/bullet/BLLTShel_Reload Ammo_01.wav.import
[   3% ] savepack | 正在保存文件：res://.godot/imported/EXPLDsgn_Explosion Impact_10.wav-f936a52a5697580dae2a72b82fe1bc34.sample
[   3% ] savepack | 正在保存文件：res://audio/bullet/EXPLDsgn_Explosion Impact_10.wav.import
[   3% ] savepack | 正在保存文件：res://.godot/imported/GUNArtl_Grenade Launcher Fire_01.wav-8a6ab7ca8cbe7dee74218f170a6f73ec.sample
[   3% ] savepack | 正在保存文件：res://audio/bullet/GUNArtl_Grenade Launcher Fire_01.wav.import
[   3% ] savepack | 正在保存文件：res://.godot/imported/GUNMech_Empty Clip A_01.wav-aadd7c971f2f5284c30eb976b3e71b4f.sample
[   3% ] savepack | 正在保存文件：res://audio/bullet/GUNMech_Empty Clip A_01.wav.import
[   3% ] savepack | 正在保存文件：res://.godot/imported/GUNMech_Insert Clip_01.wav-8eb9130e400cd52a150d11a48dfa18a3.sample
[   3% ] savepack | 正在保存文件：res://audio/bullet/GUNMech_Insert Clip_01.wav.import
[   3% ] savepack | 正在保存文件：res://.godot/imported/GUNMech_Reload_10.wav-39699639b49600f80fad274939996d43.sample
[   3% ] savepack | 正在保存文件：res://audio/bullet/GUNMech_Reload_10.wav.import
[   3% ] savepack | 正在保存文件：res://.godot/imported/SCIMisc_Reload Alien Tech_05.wav-a778c82880afc1905d4dbb23d5d7717c.sample
[   3% ] savepack | 正在保存文件：res://audio/bullet/SCIMisc_Reload Alien Tech_05.wav.import
[   4% ] savepack | 正在保存文件：res://.godot/imported/LASRGun_Flange Cannon Fire_01.wav-c4668df7c983824edc4428ed23f05e57.sample
[   4% ] savepack | 正在保存文件：res://audio/equip/LASRGun_Flange Cannon Fire_01.wav.import
[   4% ] savepack | 正在保存文件：res://.godot/imported/BLLTImpt_Hit Marker_07.wav-10b25b7788ca3cdf6576a09a2dc1383d.sample
[   4% ] savepack | 正在保存文件：res://audio/BLLTImpt_Hit Marker_07.wav.import
[   4% ] savepack | 正在保存文件：res://.godot/imported/body_hit_finisher_52.wav-5af60e76c83696b8243b09d1123261ef.sample
[   4% ] savepack | 正在保存文件：res://audio/body_hit_finisher_52.wav.import
[   4% ] savepack | 正在保存文件：res://.godot/imported/CLOTHMvmt_Clothing Rustle Arm_01.wav-39f188b18fd95f20c7b61c572330faea.sample
[   4% ] savepack | 正在保存文件：res://audio/CLOTHMvmt_Clothing Rustle Arm_01.wav.import
[   4% ] savepack | 正在保存文件：res://.godot/imported/DSGNMisc_Kill Confirm Metallic_01.wav-fff81bcf8b8fa76ce8dc86bef846c065.sample
[   4% ] savepack | 正在保存文件：res://audio/DSGNMisc_Kill Confirm Metallic_01.wav.import
[   4% ] savepack | 正在保存文件：res://.godot/imported/DSGNMisc_Kill Confirm Metallic_03.wav-feb36f5711034c9c1132920fc91fdc5f.sample
[   4% ] savepack | 正在保存文件：res://audio/DSGNMisc_Kill Confirm Metallic_03.wav.import
[   4% ] savepack | 正在保存文件：res://.godot/imported/ELECArc_Gauss Cannon Electric Arc_01.wav-32d261261ef12be871bea74ade2d42ed.sample
[   4% ] savepack | 正在保存文件：res://audio/ELECArc_Gauss Cannon Electric Arc_01.wav.import
[   4% ] savepack | 正在保存文件：res://.godot/imported/GUNAuto_Assault Rifle A Fire_01.wav-8ad447793aa03f203c5c4305644120fa.sample
[   4% ] savepack | 正在保存文件：res://audio/GUNAuto_Assault Rifle A Fire_01.wav.import
[   4% ] savepack | 正在保存文件：res://.godot/imported/GUNAuto_Assault Rifle B Fire_01.wav-f23f3dabbf09a05641ffa8733af28bd8.sample
[   4% ] savepack | 正在保存文件：res://audio/GUNAuto_Assault Rifle B Fire_01.wav.import
[   4% ] savepack | 正在保存文件：res://.godot/imported/GUNAuto_Assault Rifle D Fire_06.wav-33a39c85485b88216eca9646c7595ffe.sample
[   4% ] savepack | 正在保存文件：res://audio/GUNAuto_Assault Rifle D Fire_06.wav.import
[   4% ] savepack | 正在保存文件：res://.godot/imported/GUNAuto_Phantom Fire_01.wav-79143882b130e45d76bcbc255eb04c00.sample
[   4% ] savepack | 正在保存文件：res://audio/GUNAuto_Phantom Fire_01.wav.import
[   4% ] savepack | 正在保存文件：res://.godot/imported/GUNAuto_Plasmid Machinegun Single_01.wav-fdfff8fd0010359e77abdf0f5d66470b.sample
[   4% ] savepack | 正在保存文件：res://audio/GUNAuto_Plasmid Machinegun Single_01.wav.import
[   4% ] savepack | 正在保存文件：res://.godot/imported/GUNCano_Quad Cannon Fire Double_01.wav-c56ed8b7d08c5c1524c1ae1c9b3322ee.sample
[   4% ] savepack | 正在保存文件：res://audio/GUNCano_Quad Cannon Fire Double_01.wav.import
[   5% ] savepack | 正在保存文件：res://.godot/imported/GUNPis_Pistol Fire_01.wav-2cfd78365a9e61feb6963ea6614a5c76.sample
[   5% ] savepack | 正在保存文件：res://audio/GUNPis_Pistol Fire_01.wav.import
[   5% ] savepack | 正在保存文件：res://.godot/imported/GUNSupr_Silenced Pistol Fire Reflections_01.wav-75f3a0793401bae829631a8095157509.sample
[   5% ] savepack | 正在保存文件：res://audio/GUNSupr_Silenced Pistol Fire Reflections_01.wav.import
[   5% ] savepack | 正在保存文件：res://.godot/imported/GUNTech_Sci Fi Shotgun Fire Heavy_01.wav-b72ee3ca9dfe2bc5c8d34a36c98e2898.sample
[   5% ] savepack | 正在保存文件：res://audio/GUNTech_Sci Fi Shotgun Fire Heavy_01.wav.import
[   5% ] savepack | 正在保存文件：res://.godot/imported/GUNTech_Sci Fi Shotgun Fire Heavy_02.wav-82add42461cccfb442d8b5c07c838260.sample
[   5% ] savepack | 正在保存文件：res://audio/GUNTech_Sci Fi Shotgun Fire Heavy_02.wav.import
[   5% ] savepack | 正在保存文件：res://.godot/imported/GUNTech_Sci Fi Shotgun Fire Heavy_06.wav-a2c34ed260ef9fc5922d452f492f23bc.sample
[   5% ] savepack | 正在保存文件：res://audio/GUNTech_Sci Fi Shotgun Fire Heavy_06.wav.import
[   5% ] savepack | 正在保存文件：res://.godot/imported/GUNTech_Tormentor Shotgun Fire_01.wav-7d563515dfec050ee3a89dd226c8e1b8.sample
[   5% ] savepack | 正在保存文件：res://audio/GUNTech_Tormentor Shotgun Fire_01.wav.import
[   5% ] savepack | 正在保存文件：res://.godot/imported/LASRGun_Electron Impeller Fire_01.wav-a22e84ae80efb727e366d2a3c4bfb284.sample
[   5% ] savepack | 正在保存文件：res://audio/LASRGun_Electron Impeller Fire_01.wav.import
[   5% ] savepack | 正在保存文件：res://.godot/imported/LASRGun_Gauss Cannon Fire_01.wav-0df2efb7026ddf802378f2f6f58b60b3.sample
[   5% ] savepack | 正在保存文件：res://audio/LASRGun_Gauss Cannon Fire_01.wav.import
[   5% ] savepack | 正在保存文件：res://.godot/imported/LASRGun_Plasma Rifle Fire_03.wav-f1995406b92129262e47f4ccb075e83a.sample
[   5% ] savepack | 正在保存文件：res://audio/LASRGun_Plasma Rifle Fire_03.wav.import
[   5% ] savepack | 正在保存文件：res://.godot/imported/SCIMisc_Sniper Cannon_01.wav-a712f6ad6e7006008ee9cf606695dd85.sample
[   5% ] savepack | 正在保存文件：res://audio/SCIMisc_Sniper Cannon_01.wav.import
[   5% ] savepack | 正在保存文件：res://autoload/server/EquipServer.gdc
[   5% ] savepack | 正在保存文件：res://autoload/server/LevelServer.gdc
[   5% ] savepack | 正在保存文件：res://autoload/server/MapServer.gdc
[   5% ] savepack | 正在保存文件：res://autoload/server/PlayerServer.gdc
[   6% ] savepack | 正在保存文件：res://autoload/server/RewardServer.gdc
[   6% ] savepack | 正在保存文件：res://autoload/Combat.gdc
[   6% ] savepack | 正在保存文件：res://autoload/ConfigUtils.gdc
[   6% ] savepack | 正在保存文件：res://autoload/Demo.gdc
[   6% ] savepack | 正在保存文件：res://autoload/PlayerData.gdc
[   6% ] savepack | 正在保存文件：res://autoload/Smoke.gdc
[   6% ] savepack | 正在保存文件：res://autoload/Utils.gdc
[   6% ] savepack | 正在保存文件：res://autoload/Warmup.gdc
[   6% ] savepack | 正在保存文件：res://boot/Boot.gdc
[   6% ] savepack | 正在保存文件：res://.godot/exported/133200997/export-812e5b60136a91479db258722bd7d878-Boot.scn
[   6% ] savepack | 正在保存文件：res://ui/StatPanel.gdc
[   6% ] savepack | 正在保存文件：res://ui/SettingUI.gdc
[   6% ] savepack | 正在保存文件：res://ui/SaveDialog.gdc
[   7% ] savepack | 正在保存文件：res://.godot/imported/CCOverbyteOn.ttf-8d1c492eefb8c2dac3babb767b125d00.fontdata
[   7% ] savepack | 正在保存文件：res://fonts/CCOverbyteOn.ttf.import
[   7% ] savepack | 正在保存文件：res://.godot/imported/ColaKind.otf-65b814ec62a3e518e449137d46cbaf78.fontdata
[   7% ] savepack | 正在保存文件：res://fonts/ColaKind.otf.import
[   7% ] savepack | 正在保存文件：res://.godot/imported/DinkieBitmapDemo-7px.ttf-d1087dc1de95c6c7febc2c21c53d55c8.fontdata
[   7% ] savepack | 正在保存文件：res://fonts/DinkieBitmapDemo-7px.ttf.import
[   7% ] savepack | 正在保存文件：res://.godot/imported/fusion-pixel.otf-0c150381e4e25acae32963b08796cc37.fontdata
[   7% ] savepack | 正在保存文件：res://fonts/fusion-pixel.otf.import
[   7% ] savepack | 正在保存文件：res://.godot/imported/px.ttf-d21b579429d758e2509fb5131d932d52.fontdata
[   7% ] savepack | 正在保存文件：res://fonts/px.ttf.import
[   7% ] savepack | 正在保存文件：res://.godot/exported/133200997/export-d65ce2545dce7320f1e49af7047e2afc-ui-font.res
[   7% ] savepack | 正在保存文件：res://.godot/exported/133200997/export-a3e5c39f482f0132b62f3a295af97778-A110.scn
[   7% ] savepack | 正在保存文件：res://.godot/exported/133200997/export-17d3d45cdb57dc1b8f1bbd96e909d79d-A111.scn
[   7% ] savepack | 正在保存文件：res://.godot/exported/133200997/export-9b63b28cb4ec94f6b4ff14a4426d8b57-A112.scn
[   7% ] savepack | 正在保存文件：res://.godot/exported/133200997/export-435e618b63f05cfe359a9b9dd7002f40-A113.scn
[   7% ] savepack | 正在保存文件：res://.godot/exported/133200997/export-cb201e93621d1faa0fb172cde7add4f2-A114.scn
[   7% ] savepack | 正在保存文件：res://.godot/exported/133200997/export-12fd21ec7c6dc4882f9a0ca222c9720b-A115.scn
[   7% ] savepack | 正在保存文件：res://.godot/exported/133200997/export-8c4d78ba913356abae792337bfe09e91-A116.scn
[   7% ] savepack | 正在保存文件：res://.godot/exported/133200997/export-ae88882762a153c567424e873def65d1-A117.scn
[   8% ] savepack | 正在保存文件：res://.godot/exported/133200997/export-e65c38033dc8a45d7d0d9e3a54cf313c-A118.scn
[   8% ] savepack | 正在保存文件：res://.godot/exported/133200997/export-ec80f6c66333c5f353881606ab4923c7-A119.scn
[   8% ] savepack | 正在保存文件：res://.godot/exported/133200997/export-058bf2a9087e9c78b40171e6f1aa173d-A120.scn
[   8% ] savepack | 正在保存文件：res://.godot/exported/133200997/export-20702eaafa83b3d55f5d5338dfeca24a-A121.scn
[   8% ] savepack | 正在保存文件：res://.godot/exported/133200997/export-da5bb8a97bc38d06ce543c52de9b10d1-A122.scn
[   8% ] savepack | 正在保存文件：res://.godot/exported/133200997/export-64afa60e102c7043161e17df31fc48a2-A123.scn
[   8% ] savepack | 正在保存文件：res://.godot/exported/133200997/export-4702a4de65bccea4612582f2ac0bf71d-A124.scn
[   8% ] savepack | 正在保存文件：res://game/attachments/BaseAttachment.gdc
[   8% ] savepack | 正在保存文件：res://game/attachments/ExtendedRifleMagazine.gdc
[   8% ] savepack | 正在保存文件：res://.godot/exported/133200997/export-75bbc1de051fbd33ff2318e080507646-ExtendedRifleMagazine.scn
[   8% ] savepack | 正在保存文件：res://game/attachments/GrenadeLauncher.gdc
[   8% ] savepack | 正在保存文件：res://.godot/exported/133200997/export-44286f4ad5148763231eb5a7d20fcd82-GrenadeLauncher.scn
[   8% ] savepack | 正在保存文件：res://game/attachments/MachineGunMagazine.gdc
[   9% ] savepack | 正在保存文件：res://.godot/exported/133200997/export-0014f8941dc60991559abdbc62ff93d4-MachineGunMagazine.scn
[   9% ] savepack | 正在保存文件：res://game/attachments/QuickdrawMagazine.gdc
[   9% ] savepack | 正在保存文件：res://.godot/exported/133200997/export-e473a0f5d4f57e67bba7596f740928ce-QuickdrawMagazine.scn
[   9% ] savepack | 正在保存文件：res://game/attachments/QuickExpansionMagazine.gdc
[   9% ] savepack | 正在保存文件：res://.godot/exported/133200997/export-6dfb8a0cfee9cbabc8a533b679071367-QuickExpansionMagazine.scn
[   9% ] savepack | 正在保存文件：res://game/attachments/ShotgunShellPouch.gdc
[   9% ] savepack | 正在保存文件：res://.godot/exported/133200997/export-ef7a8bffc48b532a74b547f83bf883c8-ShotgunShellPouch.scn
[   9% ] savepack | 正在保存文件：res://game/attachments/SubmachineGunMagazine.gdc
[   9% ] savepack | 正在保存文件：res://.godot/exported/133200997/export-d65dccd49a4e929e0ba0c107a7261318-SubmachineGunMagazine.scn
[   9% ] savepack | 正在保存文件：res://.godot/exported/133200997/export-42a083f289bf1988aeccdfba5b8be507-SuperUniversalMagazine.scn
[   9% ] savepack | 正在保存文件：res://game/attachments/UniversalExtendedMagazines.gdc
[   9% ] savepack | 正在保存文件：res://.godot/exported/133200997/export-ec310731bf0664b3c960038574f4d340-UniversalExtendedMagazines.scn
[   9% ] savepack | 正在保存文件：res://.godot/imported/collision.png-7af40484fe81a60619b65b4933cd1ede.ctex
[   9% ] savepack | 正在保存文件：res://game/bullets/assets/collision.png.import
[   9% ] savepack | 正在保存文件：res://.godot/imported/debris.png-0aec57671d9d9a610d4773694e0a938b.ctex
[   9% ] savepack | 正在保存文件：res://game/bullets/assets/debris.png.import
[  10% ] savepack | 正在保存文件：res://.godot/imported/lights1.png-c8d69bd9c52ddcc5a9795146f1fb583d.ctex
[  10% ] savepack | 正在保存文件：res://game/bullets/assets/lights1.png.import
[  10% ] savepack | 正在保存文件：res://.godot/imported/lights2.png-6cf2b23664a90239fa2a1fd9f1aaba9d.ctex
[  10% ] savepack | 正在保存文件：res://game/bullets/assets/lights2.png.import
[  10% ] savepack | 正在保存文件：res://.godot/imported/lights3.png-476104d7e481cae1c2cf8ec648120e60.ctex
[  10% ] savepack | 正在保存文件：res://game/bullets/assets/lights3.png.import
[  10% ] savepack | 正在保存文件：res://.godot/imported/lights4.png-345d05b5266e819abc576d989aca6bec.ctex
[  10% ] savepack | 正在保存文件：res://game/bullets/assets/lights4.png.import
[  10% ] savepack | 正在保存文件：res://.godot/imported/lights5.png-64c0538e05086ed101475a8313af9e6c.ctex
[  10% ] savepack | 正在保存文件：res://game/bullets/assets/lights5.png.import
[  10% ] savepack | 正在保存文件：res://.godot/exported/133200997/export-e8dea892bd056a2f0692700773463e7d-BabyBullet.scn
[  10% ] savepack | 正在保存文件：res://game/bullets/Bullet.gdc
[  10% ] savepack | 正在保存文件：res://.godot/exported/133200997/export-e11551e3228a99c9c8d94e2bd88f9773-Bullet.scn
[  10% ] savepack | 正在保存文件：res://.godot/exported/133200997/export-708340549f238599a73f2d440c4fe562-BulletImpact.scn
[  10% ] savepack | 正在保存文件：res://game/bullets/BulletShell.gdc
[  10% ] savepack | 正在保存文件：res://.godot/exported/133200997/export-882903f49158a6ee088f6fc23d8ad2cc-BulletShell.scn
[  10% ] savepack | 正在保存文件：res://.godot/exported/133200997/export-0fc38a1ee5198adcfa7261666beef0d5-BulletSmoke.scn
[  10% ] savepack | 正在保存文件：res://game/bullets/MechanismProjectile.gdc
[  11% ] savepack | 正在保存文件：res://game/bullets/PlasmaBullet.gdc
[  11% ] savepack | 正在保存文件：res://game/bullets/SmpBullet.gdc
[  11% ] savepack | 正在保存文件：res://.godot/exported/133200997/export-863f9a721ca86245190754cf17375aa4-SmpBullet.scn
[  11% ] savepack | 正在保存文件：res://game/config/ArenaHazards.gdc
[  11% ] savepack | 正在保存文件：res://game/config/AttachmentCatalog.gdc
[  11% ] savepack | 正在保存文件：res://game/config/CampSaveStore.gdc
[  11% ] savepack | 正在保存文件：res://game/config/CampSnapshot.gdc
[  11% ] savepack | 正在保存文件：res://game/config/CombatStatus.gdc
[  11% ] savepack | 正在保存文件：res://game/config/DemoConfig.gdc
[  11% ] savepack | 正在保存文件：res://game/config/EffectiveStats.gdc
[  11% ] savepack | 正在保存文件：res://game/config/HellMode.gdc
[  11% ] savepack | 正在保存文件：res://game/config/LevelProgression.gdc
[  11% ] savepack | 正在保存文件：res://game/config/M5Content.gdc
[  11% ] savepack | 正在保存文件：res://game/config/StatLedger.gdc
[  12% ] savepack | 正在保存文件：res://game/config/WeaponCatalog.gdc
[  12% ] savepack | 正在保存文件：res://game/diag/B11Probe.gdc
[  12% ] savepack | 正在保存文件：res://game/diag/B11Stress.gdc
[  12% ] savepack | 正在保存文件：res://game/effects/CombatEffect.gdc
[  12% ] savepack | 正在保存文件：res://game/effects/CombatFootprint.gdc
[  12% ] savepack | 正在保存文件：res://game/effects/CombatTelegraph.gdc
[  12% ] savepack | 正在保存文件：res://game/effects/EliteAura.gdc
[  12% ] savepack | 正在保存文件：res://game/effects/GravityField.gdc
[  12% ] savepack | 正在保存文件：res://game/effects/HostileVFX.gdc
[  12% ] savepack | 正在保存文件：res://game/effects/TierMuzzle.gdc
[  12% ] savepack | 正在保存文件：res://.godot/exported/133200997/export-406b8d69b826aa61570001b9b49f8465-AreaBody.res
[  12% ] savepack | 正在保存文件：res://game/equip/BaseEquip.gdc
[  12% ] savepack | 正在保存文件：res://game/equip/EquipOnFloor.gdc
[  13% ] savepack | 正在保存文件：res://.godot/exported/133200997/export-b46d463376e7e49ef6472f089a75bb30-EquipOnFloor.scn
[  13% ] savepack | 正在保存文件：res://.godot/exported/133200997/export-b97c54f4c5b6fb17c58cc7b1856792e3-Flamethrower.scn
[  13% ] savepack | 正在保存文件：res://.godot/exported/133200997/export-45ce86e82ae99cdfb81f89e86031186b-High-Energy Particle Cannon.scn
[  13% ] savepack | 正在保存文件：res://game/guns/anim/reload.anim
[  13% ] savepack | 正在保存文件：res://game/guns/AlienMachine.gdc
[  13% ] savepack | 正在保存文件：res://.godot/exported/133200997/export-cb7a55c2f71ff3ea04c8822afbe16daf-AlienMachine.scn
[  13% ] savepack | 正在保存文件：res://game/guns/AlienRifle.gdc
[  13% ] savepack | 正在保存文件：res://.godot/exported/133200997/export-72e4316612c72b6e2187247f67d232c3-AlienRifle.scn
[  13% ] savepack | 正在保存文件：res://game/guns/ArcCaster.gdc
[  13% ] savepack | 正在保存文件：res://.godot/exported/133200997/export-c87db3511ad196256749a65fbeda326d-ArcCaster.scn
[  13% ] savepack | 正在保存文件：res://game/guns/BabyZapZap.gdc
[  13% ] savepack | 正在保存文件：res://.godot/exported/133200997/export-327a324613c6de4bd0defc95c4e0198b-BabyZapZap.scn
[  13% ] savepack | 正在保存文件：res://game/guns/BaseGun.gdc
[  13% ] savepack | 正在保存文件：res://game/guns/BoomBoi.gdc
[  14% ] savepack | 正在保存文件：res://.godot/exported/133200997/export-f99948ae2a5329a3cdd307bf070eb991-BoomBoi.scn
[  14% ] savepack | 正在保存文件：res://game/guns/BurstCarbine.gdc
[  14% ] savepack | 正在保存文件：res://.godot/exported/133200997/export-93798313f54891cb1531050112d462e3-BurstCarbine.scn
[  14% ] savepack | 正在保存文件：res://game/guns/EmpireShotgun.gdc
[  14% ] savepack | 正在保存文件：res://.godot/exported/133200997/export-83f79cdd3b930342d0ea725a049ffb26-EmpireShotgun.scn
[  14% ] savepack | 正在保存文件：res://game/guns/GunSprite.gdc
[  14% ] savepack | 正在保存文件：res://.godot/exported/133200997/export-117c732481f96df291344617b35c3448-GunSprite.scn
[  14% ] savepack | 正在保存文件：res://game/guns/MechanismGun.gdc
[  14% ] savepack | 正在保存文件：res://game/guns/PlasmaOrb.gdc
[  14% ] savepack | 正在保存文件：res://.godot/exported/133200997/export-02a8101e621ec35244258f6a047a70d4-PlasmaOrb.scn
[  14% ] savepack | 正在保存文件：res://game/guns/RebalShotgun.gdc
[  14% ] savepack | 正在保存文件：res://.godot/exported/133200997/export-6b26f2e02a3547b435934bd4630c2b39-RebalShotgun.scn
[  14% ] savepack | 正在保存文件：res://game/guns/ShotgunBlaster.gdc
[  15% ] savepack | 正在保存文件：res://.godot/exported/133200997/export-495640ed8a6250adc78b5251b6b9f4d0-ShotgunBlaster.scn
[  15% ] savepack | 正在保存文件：res://game/guns/Sniper.gdc
[  15% ] savepack | 正在保存文件：res://.godot/exported/133200997/export-4378817e0ac875e27cda1469b6a1a3a2-Sniper.scn
[  15% ] savepack | 正在保存文件：res://game/guns/Uzi.gdc
[  15% ] savepack | 正在保存文件：res://.godot/exported/133200997/export-b4b886b3f292801c4059e2b1ddcdcc90-Uzi.scn
[  15% ] savepack | 正在保存文件：res://.godot/exported/133200997/export-740e50677c4799589b609fbaaa725e6e-W11.scn
[  15% ] savepack | 正在保存文件：res://.godot/exported/133200997/export-a979c2a47071c4cbeef25b6e42d59f67-W13.scn
[  15% ] savepack | 正在保存文件：res://.godot/exported/133200997/export-09fc86e2755e7e68a3ee3edc5b14b2a4-W15.scn
[  15% ] savepack | 正在保存文件：res://.godot/exported/133200997/export-4bbab23c8037445b46ed59fecd88d434-W16.scn
[  15% ] savepack | 正在保存文件：res://.godot/exported/133200997/export-6e89325b907be10cee40752d829fec0e-W17.scn
[  15% ] savepack | 正在保存文件：res://.godot/exported/133200997/export-3e14ffc46bae791443d3b07284026dfd-W18.scn
[  15% ] savepack | 正在保存文件：res://.godot/exported/133200997/export-10d3f56bb8c2c3fe3d643f704d0c2ed6-W19.scn
[  15% ] savepack | 正在保存文件：res://.godot/exported/133200997/export-15f5c2b3f8481aab9531a9df191404bc-W20.scn
[  15% ] savepack | 正在保存文件：res://.godot/exported/133200997/export-3bd0effe249fff4fddf0f5956b9df165-W21.scn
[  16% ] savepack | 正在保存文件：res://.godot/exported/133200997/export-33f87d4d8159e8690cc9a7e84a914f4f-W22.scn
[  16% ] savepack | 正在保存文件：res://.godot/exported/133200997/export-52f8d697912404e0dc424eb926c5bff1-W24.scn
[  16% ] savepack | 正在保存文件：res://.godot/exported/133200997/export-9bb6792a633cee62b03febc958f41eec-LevelUpEffect.scn
[  16% ] savepack | 正在保存文件：res://game/hero/Camera2D.gdc
[  16% ] savepack | 正在保存文件：res://.godot/exported/133200997/export-e0d71d00dbd5fa3a14e3751f854bda73-DashObj.scn
[  16% ] savepack | 正在保存文件：res://.godot/exported/133200997/export-910540e1a44dacc5c27bea9c512b379a-gpu_particles_2d.scn
[  16% ] savepack | 正在保存文件：res://.godot/imported/Hero Blue 54x53 Sprite.png-82dd406bd65995da56dcc1588d191267.ctex
[  16% ] savepack | 正在保存文件：res://game/hero/Hero Blue 54x53 Sprite.png.import
[  16% ] savepack | 正在保存文件：res://game/hero/Hero.gdc
[  16% ] savepack | 正在保存文件：res://.godot/exported/133200997/export-1a7be2c721260851af7552c1fedc4ba9-Hero.scn
[  16% ] savepack | 正在保存文件：res://.godot/imported/Light (1).png-a52338431621b82ff5efa7c07dc1699e.ctex
[  16% ] savepack | 正在保存文件：res://game/hero/Light (1).png.import
[  16% ] savepack | 正在保存文件：res://game/hero/RootFeedback.gdc
[  16% ] savepack | 正在保存文件：res://.godot/imported/Tiny Alchemist Sprite Sheet 48x32.png-8a56ca04d24293b90921711e6e963238.ctex
[  16% ] savepack | 正在保存文件：res://game/hero/Tiny Alchemist Sprite Sheet 48x32.png.import
[  16% ] savepack | 正在保存文件：res://.godot/imported/undead_shadow.png-86252c38a90b47ff2db4c4b0fd660221.ctex
[  16% ] savepack | 正在保存文件：res://game/hero/undead_shadow.png.import
[  17% ] savepack | 正在保存文件：res://game/items/BaseItem.gdc
[  17% ] savepack | 正在保存文件：res://game/items/Gold.gdc
[  17% ] savepack | 正在保存文件：res://.godot/exported/133200997/export-c3f1313232ba79f32eec1f1aa13720c0-Gold.scn
[  17% ] savepack | 正在保存文件：res://game/items/HpPack.gdc
[  17% ] savepack | 正在保存文件：res://.godot/exported/133200997/export-5dedbf477088f88192cd3ddee8e0ac9e-HpPack.scn
[  17% ] savepack | 正在保存文件：res://.godot/exported/133200997/export-3c3976c0af2acf6c16df3ca4799340e0-vfxThunder.scn
[  17% ] savepack | 正在保存文件：res://game/map/mapTown/Town.gdc
[  17% ] savepack | 正在保存文件：res://.godot/exported/133200997/export-5da79fe2a31c072cc012d3668abf6b5a-Town.scn
[  17% ] savepack | 正在保存文件：res://game/map/Moon/Moon.gdc
[  17% ] savepack | 正在保存文件：res://.godot/exported/133200997/export-a9ca52b4b5ead60864faf7d4e66d734c-Moon.scn
[  17% ] savepack | 正在保存文件：res://.godot/imported/tileset.png-42e86f4941b22f66ddc40d06f778c059.ctex
[  17% ] savepack | 正在保存文件：res://game/map/Moon/tileset.png.import
[  17% ] savepack | 正在保存文件：res://.godot/imported/ISO_Tile_Dirt_01_GrassPatch_02.png-ed0ec62b995c171bfe5fc45522636227.ctex
[  17% ] savepack | 正在保存文件：res://game/map/SnowWorld/sprites/ISO_Tile_Dirt_01_GrassPatch_02.png.import
[  17% ] savepack | 正在保存文件：res://.godot/imported/ISO_Tile_Dirt_01_Grass_01.png-1869b1ba9822fb9f65ae004d397c6ed0.ctex
[  17% ] savepack | 正在保存文件：res://game/map/SnowWorld/sprites/ISO_Tile_Dirt_01_Grass_01.png.import
[  17% ] savepack | 正在保存文件：res://.godot/imported/ISO_Tile_Dirt_02.png-6840da54b1ff42d63cb4bc6df3481c47.ctex
[  17% ] savepack | 正在保存文件：res://game/map/SnowWorld/sprites/ISO_Tile_Dirt_02.png.import
[  18% ] savepack | 正在保存文件：res://.godot/imported/ISO_Tile_Ice_01-06.png-3a31e78090ac78697f788367b3aa851a.ctex
[  18% ] savepack | 正在保存文件：res://game/map/SnowWorld/sprites/ISO_Tile_Ice_01-06.png.import
[  18% ] savepack | 正在保存文件：res://.godot/imported/ISO_Tile_Snow_01.png-3dd5b236e0f63f30fe1777117730857f.ctex
[  18% ] savepack | 正在保存文件：res://game/map/SnowWorld/sprites/ISO_Tile_Snow_01.png.import
[  18% ] savepack | 正在保存文件：res://.godot/imported/ISO_Tile_Snow_01_ToStone_02.png-bf6825dd79ae1f96a07571e2f010a86d.ctex
[  18% ] savepack | 正在保存文件：res://game/map/SnowWorld/sprites/ISO_Tile_Snow_01_ToStone_02.png.import
[  18% ] savepack | 正在保存文件：res://.godot/imported/ISO_Tile_Water_01.png-135c080cc314546b437887b302a3f3e2.ctex
[  18% ] savepack | 正在保存文件：res://game/map/SnowWorld/sprites/ISO_Tile_Water_01.png.import
[  18% ] savepack | 正在保存文件：res://game/map/SnowWorld/MonsterBuilder.gdc
[  18% ] savepack | 正在保存文件：res://game/map/SnowWorld/SnowWorld.gdc
[  18% ] savepack | 正在保存文件：res://.godot/exported/133200997/export-af0812aee69f0dfff7812c6e43c2b5c0-SnowWorld.scn
[  18% ] savepack | 正在保存文件：res://game/map/ArenaHazardDirector.gdc
[  18% ] savepack | 正在保存文件：res://game/map/ArenaVisibility.gdc
[  18% ] savepack | 正在保存文件：res://game/map/CombatArena.gdc
[  18% ] savepack | 正在保存文件：res://game/map/FogPierce.gdc
[  18% ] savepack | 正在保存文件：res://game/map/FogPierceCanvas.gdc
[  18% ] savepack | 正在保存文件：res://.godot/exported/133200997/export-2b78e739d50aae707f745c574c48614e-HeroBlue.res
[  19% ] savepack | 正在保存文件：res://.godot/exported/133200997/export-1446d6338e4ced7e3c6ac94da4c4cd54-Main.scn
[  19% ] savepack | 正在保存文件：res://.godot/imported/next.png-e72d23050fd1260dfda62a872d6381e0.ctex
[  19% ] savepack | 正在保存文件：res://game/map/next.png.import
[  19% ] savepack | 正在保存文件：res://.godot/imported/Pre-built house 1.png-050389e66435ce570b7c219c163a0427.ctex
[  19% ] savepack | 正在保存文件：res://game/map/Pre-built house 1.png.import
[  19% ] savepack | 正在保存文件：res://.godot/imported/Pre-built house 2.png-c6a505bd167b0aca7cef6017528f43c7.ctex
[  19% ] savepack | 正在保存文件：res://game/map/Pre-built house 2.png.import
[  19% ] savepack | 正在保存文件：res://.godot/imported/Pre-built house 3.png-ee8a2397a65bd6ff02494b6989aa5aa7.ctex
[  19% ] savepack | 正在保存文件：res://game/map/Pre-built house 3.png.import
[  19% ] savepack | 正在保存文件：res://game/map/RegionTheme.gdc
[  19% ] savepack | 正在保存文件：res://game/map/StageHazard.gdc
[  19% ] savepack | 正在保存文件：res://game/map/test.gdc
[  19% ] savepack | 正在保存文件：res://game/map/test.gdshader
[  19% ] savepack | 正在保存文件：res://.godot/imported/tip.png-191aa20792a657fc5ef25cfaef0a3a51.ctex
[  19% ] savepack | 正在保存文件：res://game/map/tip.png.import
[  19% ] savepack | 正在保存文件：res://.godot/imported/top down tileset.png-6499a464dba811d884965325d03678a0.ctex
[  19% ] savepack | 正在保存文件：res://game/map/top down tileset.png.import
[  19% ] savepack | 正在保存文件：res://.godot/imported/victorian tileset.png-b10ab92a9ee91959987f8fc7eade5fce.ctex
[  19% ] savepack | 正在保存文件：res://game/map/victorian tileset.png.import
[  19% ] savepack | 正在保存文件：res://.godot/imported/Ghoul Sprite Sheet 62 x 33.png-44be650c4b219a5a9b254fe6374de47e.ctex
[  19% ] savepack | 正在保存文件：res://game/monster/Ghoul/Ghoul Sprite Sheet 62 x 33.png.import
[  19% ] savepack | 正在保存文件：res://game/monster/Ghoul/Ghoul.gdc
[  20% ] savepack | 正在保存文件：res://.godot/exported/133200997/export-81adefb3e25d1a84ecaec5c000406456-Ghoul.scn
[  20% ] savepack | 正在保存文件：res://.godot/imported/34x15 Monster 1 with shadows.png-14126408fffe8fd05f1001925f0cb1f0.ctex
[  20% ] savepack | 正在保存文件：res://game/monster/Monster 1/34x15 Monster 1 with shadows.png.import
[  20% ] savepack | 正在保存文件：res://.godot/imported/34x15 Monster 1 without shadows.png-fb2022650c3f53ebb65d639ef7455fcf.ctex
[  20% ] savepack | 正在保存文件：res://game/monster/Monster 1/34x15 Monster 1 without shadows.png.import
[  20% ] savepack | 正在保存文件：res://game/monster/Monster 1/Monster1.gdc
[  20% ] savepack | 正在保存文件：res://.godot/exported/133200997/export-ced06ad9f1e99b3305ea3298f0a6eed2-Monster1.scn
[  20% ] savepack | 正在保存文件：res://.godot/imported/50x31 Monster 2 spritesheet with shadows.png-8b1a5319a285de90f3967e55b1a4c382.ctex
[  20% ] savepack | 正在保存文件：res://game/monster/Monster 2/50x31 Monster 2 spritesheet with shadows.png.import
[  20% ] savepack | 正在保存文件：res://.godot/imported/50x31 Monster 2 spritesheet without shadows.png-5e324067c998386d064ef056dfcbfe0f.ctex
[  20% ] savepack | 正在保存文件：res://game/monster/Monster 2/50x31 Monster 2 spritesheet without shadows.png.import
[  20% ] savepack | 正在保存文件：res://game/monster/Monster 2/Monster2.gdc
[  20% ] savepack | 正在保存文件：res://.godot/exported/133200997/export-11dfebd443373d37965e310568e7a063-Monster2.scn
[  20% ] savepack | 正在保存文件：res://game/monster/BaseMonster.gdc
[  20% ] savepack | 正在保存文件：res://.godot/exported/133200997/export-f75e9596b4e59089efb5b34853f4cd9f-BaseMonster.scn
[  20% ] savepack | 正在保存文件：res://game/monster/BossUltimate.gdc
[  20% ] savepack | 正在保存文件：res://game/monster/DemoEnemy.gdc
[  21% ] savepack | 正在保存文件：res://game/monster/EnemyBarrage.gdc
[  21% ] savepack | 正在保存文件：res://game/monster/EnemyShot.gdc
[  21% ] savepack | 正在保存文件：res://game/monster/HostileZone.gdc
[  21% ] savepack | 正在保存文件：res://game/monster/TacticalEnemy.gdc
[  21% ] savepack | 正在保存文件：res://game/npc/MapNpc.gdc
[  21% ] savepack | 正在保存文件：res://.godot/exported/133200997/export-f88f24991a1f843fe5bdf26022df7c76-MapNpc.scn
[  21% ] savepack | 正在保存文件：res://game/npc/RewardNpc.gdc
[  21% ] savepack | 正在保存文件：res://.godot/exported/133200997/export-c8c73c5ece752108b6a98295348898cf-RewardNpc.scn
[  21% ] savepack | 正在保存文件：res://.godot/exported/133200997/export-7e822a765d52cb95123eaf1250fd12cd-FireEffect.scn
[  21% ] savepack | 正在保存文件：res://game/other/Grenade.gdc
[  21% ] savepack | 正在保存文件：res://.godot/exported/133200997/export-73ec454421b9b6c8084a0d29ab845539-Grenade.scn
[  21% ] savepack | 正在保存文件：res://game/other/Portal.gdc
[  21% ] savepack | 正在保存文件：res://.godot/exported/133200997/export-225686d040f3976d87b6ccdf0182b193-Portal.scn
[  21% ] savepack | 正在保存文件：res://game/reward/AlienHelmentReward.gdc
[  22% ] savepack | 正在保存文件：res://.godot/exported/133200997/export-31d1a090fa09ca1d207b0aecfcde0f73-AlienHelmentReward.scn
[  22% ] savepack | 正在保存文件：res://.godot/exported/133200997/export-0021a5844a60ccaa34a0a80f81e49dc7-AmberSickle.scn
[  22% ] savepack | 正在保存文件：res://game/reward/AmberStar.gdc
[  22% ] savepack | 正在保存文件：res://.godot/exported/133200997/export-7f1c25181381eff1107d882430135317-AmberStar.scn
[  22% ] savepack | 正在保存文件：res://game/reward/BaseReward.gdc
[  22% ] savepack | 正在保存文件：res://.godot/exported/133200997/export-c2b6b8378556c52be207d4b0cea00078-Battery.scn
[  22% ] savepack | 正在保存文件：res://game/reward/BlueAxe.gdc
[  22% ] savepack | 正在保存文件：res://.godot/exported/133200997/export-3ce0341638fa079ffb2a019355534704-BlueAxe.scn
[  22% ] savepack | 正在保存文件：res://.godot/exported/133200997/export-32efa044d621a67b3e2dd7ce74091df0-BlueBacteria.scn
[  22% ] savepack | 正在保存文件：res://game/reward/BlueBoots.gdc
[  22% ] savepack | 正在保存文件：res://.godot/exported/133200997/export-fe87176b7e0570dad277bedab49d9759-BlueBoots.scn
[  22% ] savepack | 正在保存文件：res://.godot/exported/133200997/export-4125d3019dd140285f049c818bff492c-BlueCircuit.scn
[  22% ] savepack | 正在保存文件：res://game/reward/CombatReward.gdc
[  23% ] savepack | 正在保存文件：res://game/reward/GoldReward.gdc
[  23% ] savepack | 正在保存文件：res://.godot/exported/133200997/export-bd403488b663d680c6c69dcd2b45c299-GoldReward.scn
[  23% ] savepack | 正在保存文件：res://game/reward/HeathPack.gdc
[  23% ] savepack | 正在保存文件：res://.godot/exported/133200997/export-3fa7f6350265319b7e1f70777ad7fc7f-HeathPack.scn
[  23% ] savepack | 正在保存文件：res://game/reward/HpReward.gdc
[  23% ] savepack | 正在保存文件：res://.godot/exported/133200997/export-e8961e5dc13a5f66b768e73fe2320c7b-HpReward.scn
[  23% ] savepack | 正在保存文件：res://.godot/exported/133200997/export-185e2aa3312f1c36d3435fe695a4f849-Reward12.scn
[  23% ] savepack | 正在保存文件：res://.godot/exported/133200997/export-2917f8b81824e86edf8221fb55e19ed7-Reward13.scn
[  23% ] savepack | 正在保存文件：res://.godot/exported/133200997/export-2e5ef45e373da1891f96a4554cfae2d8-Reward14.scn
[  23% ] savepack | 正在保存文件：res://.godot/exported/133200997/export-81624c7f52ad3a61cacaf450bfa8ced6-Reward15.scn
[  23% ] savepack | 正在保存文件：res://.godot/exported/133200997/export-f2772550ff0e0291550aa22bdc736b93-Reward16.scn
[  23% ] savepack | 正在保存文件：res://.godot/exported/133200997/export-e009f78f3527992e3d1629740bd71729-Reward17.scn
[  23% ] savepack | 正在保存文件：res://.godot/exported/133200997/export-4d9409c34685ac260c07b6aeefb27fcd-Reward18.scn
[  23% ] savepack | 正在保存文件：res://.godot/exported/133200997/export-3483bb56fcedbd047ac1b5c00b07e6fd-Reward19.scn
[  24% ] savepack | 正在保存文件：res://.godot/exported/133200997/export-66efc75bc5a1d125cc71ec0420871a7f-Reward20.scn
[  24% ] savepack | 正在保存文件：res://.godot/exported/133200997/export-10ff3b686fd6f7f0ce58d86d944ae8d3-Reward21.scn
[  24% ] savepack | 正在保存文件：res://.godot/exported/133200997/export-0eac06ba88d4c99137679bf9e4aa942b-Reward22.scn
[  24% ] savepack | 正在保存文件：res://.godot/exported/133200997/export-059612ff3ba5e36dec2689c27a5086da-Reward23.scn
[  24% ] savepack | 正在保存文件：res://game/reward/WarningShield.gdc
[  24% ] savepack | 正在保存文件：res://.godot/exported/133200997/export-1f3c194f798f62c16333b68846ae87b6-WarningShield.scn
[  24% ] savepack | 正在保存文件：res://.godot/exported/133200997/export-bcb945dc2b1a3c0198d4a1d497e8915f-GuidanceDeviceEffect.scn
[  24% ] savepack | 正在保存文件：res://.godot/exported/133200997/export-a66f61b93304f279853742f398ceaa68-IncendiaryEffect.scn
[  24% ] savepack | 正在保存文件：res://.godot/exported/133200997/export-509a70484a46e0a5955432bdf00ca9ba-StunEffect.scn
[  24% ] savepack | 正在保存文件：res://.godot/exported/133200997/export-ef91f6cb0f8acd48adf745f5909127b4-Aim Enhancement.scn
[  24% ] savepack | 正在保存文件：res://.godot/exported/133200997/export-a1466abc38d356ecdf548283a9ad01fb-Firearm enhancement.scn
[  24% ] savepack | 正在保存文件：res://.godot/exported/133200997/export-27fd97ff50dbf769a3688000733b7a4f-Firepower Enhancement.scn
[  24% ] savepack | 正在保存文件：res://.godot/exported/133200997/export-4ef9e09876ddbb2eb9c075ec28ea475d-Flashbang Grenade.scn
[  25% ] savepack | 正在保存文件：res://.godot/exported/133200997/export-5245d6e0a8003c6b98f96455c311be2d-Grizzly Armor.scn
[  25% ] savepack | 正在保存文件：res://.godot/exported/133200997/export-aa4d21ec946d36e19dfe79742560bab0-Guidance Device.scn
[  25% ] savepack | 正在保存文件：res://.godot/exported/133200997/export-51dacffacccc118880c17f23435f6ddb-Healing Device.scn
[  25% ] savepack | 正在保存文件：res://.godot/exported/133200997/export-ba95abc6c2b18e69dde1e40160e7951b-Incendiary Bullet.scn
[  25% ] savepack | 正在保存文件：res://.godot/exported/133200997/export-e37c2ea1459189a8399d59d45d88fe4f-Power Core.scn
[  25% ] savepack | 正在保存文件：res://.godot/exported/133200997/export-6404477fec737b30ca4682f99c199924-Quick Reload Magazine.scn
[  25% ] savepack | 正在保存文件：res://.godot/exported/133200997/export-714c56d1117d05b5272defc83c19cbb4-Spare Magazine.scn
[  25% ] savepack | 正在保存文件：res://game/BaseFrame.gdc
[  25% ] savepack | 正在保存文件：res://.godot/exported/133200997/export-d466e08e50bd94815a87ba08f4293565-Game.scn
[  25% ] savepack | 正在保存文件：res://.godot/imported/joystick_base_outline.png-483e8f1ac02a5b9a594f81d7e341a76f.ctex
[  25% ] savepack | 正在保存文件：res://joystick/textures/joystick_base_outline.png.import
[  25% ] savepack | 正在保存文件：res://.godot/imported/joystick_tip.png-3a18c9ea76fb1ca4d2905a9a7401093a.ctex
[  25% ] savepack | 正在保存文件：res://joystick/textures/joystick_tip.png.import
[  25% ] savepack | 正在保存文件：res://.godot/imported/joystick_tip_arrows.png-c9482441a78cf839baf32238aae88b91.ctex
[  25% ] savepack | 正在保存文件：res://joystick/textures/joystick_tip_arrows.png.import
[  25% ] savepack | 正在保存文件：res://joystick/virtual_joystick.gdc
[  25% ] savepack | 正在保存文件：res://.godot/exported/133200997/export-7c8949f8c4aebccbc8952e89cc58d938-virtual_joystick.scn
[  26% ] savepack | 正在保存文件：res://shader/HitFlash.gdshader
[  26% ] savepack | 正在保存文件：res://shader/Monster1.gdshader
[  26% ] savepack | 正在保存文件：res://.godot/exported/133200997/export-6dc46879e53d9fb2e3cad1e93c63405a-Monster1.res
[  26% ] savepack | 正在保存文件：res://.godot/exported/133200997/export-ecf298eb2518165234efbc702d069392-SmoothPixel.res
[  26% ] savepack | 正在保存文件：res://.godot/imported/Alert Shield.png-9304427ccc91f146e21bb34470df70e1.ctex
[  26% ] savepack | 正在保存文件：res://Sprites/All_Icons/Alert Shield.png.import
[  26% ] savepack | 正在保存文件：res://.godot/imported/Alien Blue Helmet.png-2ae6afeba8d42a4b9f0e296e02dbe83b.ctex
[  26% ] savepack | 正在保存文件：res://Sprites/All_Icons/Alien Blue Helmet.png.import
[  26% ] savepack | 正在保存文件：res://.godot/imported/Alien Egg.png-bf0cc9ec21d65d89403f79c5d52748c8.ctex
[  26% ] savepack | 正在保存文件：res://Sprites/All_Icons/Alien Egg.png.import
[  26% ] savepack | 正在保存文件：res://.godot/imported/Alien Green Helmet.png-286c4c2ffd8a37dbec7965e94301a8b5.ctex
[  26% ] savepack | 正在保存文件：res://Sprites/All_Icons/Alien Green Helmet.png.import
[  26% ] savepack | 正在保存文件：res://.godot/imported/Alien Purple Helmet.png-2838289579bddf1249d0434a6101e031.ctex
[  26% ] savepack | 正在保存文件：res://Sprites/All_Icons/Alien Purple Helmet.png.import
[  26% ] savepack | 正在保存文件：res://.godot/imported/Amber Crystal.png-8c55587152dc29182f82e4e83a24319b.ctex
[  26% ] savepack | 正在保存文件：res://Sprites/All_Icons/Amber Crystal.png.import
[  26% ] savepack | 正在保存文件：res://.godot/imported/Amber Gloves.png-618b53110c1e1e0b1db95707154c81b5.ctex
[  26% ] savepack | 正在保存文件：res://Sprites/All_Icons/Amber Gloves.png.import
[  26% ] savepack | 正在保存文件：res://.godot/imported/Amber Helm.png-34217437c8d2075fbe0564579e9e93a2.ctex
[  26% ] savepack | 正在保存文件：res://Sprites/All_Icons/Amber Helm.png.import
[  26% ] savepack | 正在保存文件：res://.godot/imported/Amber Neon Shield.png-1ccc2caabb6aa7c06a00015b2a71ccf7.ctex
[  26% ] savepack | 正在保存文件：res://Sprites/All_Icons/Amber Neon Shield.png.import
[  27% ] savepack | 正在保存文件：res://.godot/imported/Amber Ring.png-b8e416b408e918969da114a8988a0778.ctex
[  27% ] savepack | 正在保存文件：res://Sprites/All_Icons/Amber Ring.png.import
[  27% ] savepack | 正在保存文件：res://.godot/imported/Amber Sickle.png-4690a51f840eebed001f85574a48fc23.ctex
[  27% ] savepack | 正在保存文件：res://Sprites/All_Icons/Amber Sickle.png.import
[  27% ] savepack | 正在保存文件：res://.godot/imported/Amber Star Crystal.png-8f3c93a28e1bf5026d26daef2de8d757.ctex
[  27% ] savepack | 正在保存文件：res://Sprites/All_Icons/Amber Star Crystal.png.import
[  27% ] savepack | 正在保存文件：res://.godot/imported/Army Crate.png-91a436efe8797c34aa98edde4c898310.ctex
[  27% ] savepack | 正在保存文件：res://Sprites/All_Icons/Army Crate.png.import
[  27% ] savepack | 正在保存文件：res://.godot/imported/Battery.png-6db35f345613ca69444bc341e576026d.ctex
[  27% ] savepack | 正在保存文件：res://Sprites/All_Icons/Battery.png.import
[  27% ] savepack | 正在保存文件：res://.godot/imported/Big Battery.png-2b14bd9e840d3a2e9b30b1c1ca26769f.ctex
[  27% ] savepack | 正在保存文件：res://Sprites/All_Icons/Big Battery.png.import
[  27% ] savepack | 正在保存文件：res://.godot/imported/Black Conveyor Belt.png-4d12f5142660ef7ef5152ca8c5563db1.ctex
[  27% ] savepack | 正在保存文件：res://Sprites/All_Icons/Black Conveyor Belt.png.import
[  27% ] savepack | 正在保存文件：res://.godot/imported/Black Mini Pistol.png-9aafb4866b7a8506820b4bf76a82fa06.ctex
[  27% ] savepack | 正在保存文件：res://Sprites/All_Icons/Black Mini Pistol.png.import
[  27% ] savepack | 正在保存文件：res://.godot/imported/Blue Axe.png-8a9a649fd35e8ca0fbed549e3199c66d.ctex
[  27% ] savepack | 正在保存文件：res://Sprites/All_Icons/Blue Axe.png.import
[  27% ] savepack | 正在保存文件：res://.godot/imported/Blue Bacteria.png-7b02ac83ba47dce3af25d619fcc990a2.ctex
[  27% ] savepack | 正在保存文件：res://Sprites/All_Icons/Blue Bacteria.png.import
[  27% ] savepack | 正在保存文件：res://.godot/imported/Blue Berries.png-8ad011c0aa744b75097ec179b6236728.ctex
[  27% ] savepack | 正在保存文件：res://Sprites/All_Icons/Blue Berries.png.import
[  27% ] savepack | 正在保存文件：res://.godot/imported/Blue Boots.png-efd340cc34b1153fe256cf70ebde5720.ctex
[  27% ] savepack | 正在保存文件：res://Sprites/All_Icons/Blue Boots.png.import
[  27% ] savepack | 正在保存文件：res://.godot/imported/Blue Button.png-62203a037619deb267e31b477560725a.ctex
[  27% ] savepack | 正在保存文件：res://Sprites/All_Icons/Blue Button.png.import
[  27% ] savepack | 正在保存文件：res://.godot/imported/Blue Chip.png-76f3a67e37623fcbf19f824f5ff31f35.ctex
[  27% ] savepack | 正在保存文件：res://Sprites/All_Icons/Blue Chip.png.import
[  28% ] savepack | 正在保存文件：res://.godot/imported/Blue Circuit.png-92f0cb168ef758bf72e307663dc7886d.ctex
[  28% ] savepack | 正在保存文件：res://Sprites/All_Icons/Blue Circuit.png.import
[  28% ] savepack | 正在保存文件：res://.godot/imported/Blue Conveyor Belt.png-8b09019cdfb841390096982328847f88.ctex
[  28% ] savepack | 正在保存文件：res://Sprites/All_Icons/Blue Conveyor Belt.png.import
[  28% ] savepack | 正在保存文件：res://.godot/imported/Blue Core.png-0f2d9d687a5900fccee9f2c1bee9b9c2.ctex
[  28% ] savepack | 正在保存文件：res://Sprites/All_Icons/Blue Core.png.import
[  28% ] savepack | 正在保存文件：res://.godot/imported/Blue Corner Potion.png-54bc203c953682227d1f1be308b8a257.ctex
[  28% ] savepack | 正在保存文件：res://Sprites/All_Icons/Blue Corner Potion.png.import
[  28% ] savepack | 正在保存文件：res://.godot/imported/Blue Cosmic Blade.png-114ebd8d64e5ac21cc29002180e2d258.ctex
[  28% ] savepack | 正在保存文件：res://Sprites/All_Icons/Blue Cosmic Blade.png.import
[  28% ] savepack | 正在保存文件：res://.godot/imported/Blue Cosmic Ring.png-ad327e27e9c7737118f9adb902f91a67.ctex
[  28% ] savepack | 正在保存文件：res://Sprites/All_Icons/Blue Cosmic Ring.png.import
[  28% ] savepack | 正在保存文件：res://.godot/imported/Blue Crate.png-8cc34e12014e68089ae5c9f08de286df.ctex
[  28% ] savepack | 正在保存文件：res://Sprites/All_Icons/Blue Crate.png.import
[  28% ] savepack | 正在保存文件：res://.godot/imported/Blue Crystal.png-7882c494f9a926c46405dfaa4d3b8b96.ctex
[  28% ] savepack | 正在保存文件：res://Sprites/All_Icons/Blue Crystal.png.import
[  28% ] savepack | 正在保存文件：res://.godot/imported/Blue Dark Helmet.png-e7cd63b2160709948a6a90e5c270dcc5.ctex
[  28% ] savepack | 正在保存文件：res://Sprites/All_Icons/Blue Dark Helmet.png.import
[  28% ] savepack | 正在保存文件：res://.godot/imported/Blue Data Ring.png-7f4f953c2f517b6e7b13cb36f4d51694.ctex
[  28% ] savepack | 正在保存文件：res://Sprites/All_Icons/Blue Data Ring.png.import
[  28% ] savepack | 正在保存文件：res://.godot/imported/Blue Datachip.png-16eb023cd73361bce32aaf0cc5db8a27.ctex
[  28% ] savepack | 正在保存文件：res://Sprites/All_Icons/Blue Datachip.png.import
[  28% ] savepack | 正在保存文件：res://.godot/imported/Blue Drill.png-30c88b49ba0a9dd0ad45df2d08201945.ctex
[  28% ] savepack | 正在保存文件：res://Sprites/All_Icons/Blue Drill.png.import
[  28% ] savepack | 正在保存文件：res://.godot/imported/Blue Gas Canister.png-17f0db1fdf6510853042bd37ad87ed8d.ctex
[  28% ] savepack | 正在保存文件：res://Sprites/All_Icons/Blue Gas Canister.png.import
[  29% ] savepack | 正在保存文件：res://.godot/imported/Blue Gatler.png-4655b4ee247c1af26850541d4584aa3a.ctex
[  29% ] savepack | 正在保存文件：res://Sprites/All_Icons/Blue Gatler.png.import
[  29% ] savepack | 正在保存文件：res://.godot/imported/Blue Glowstick.png-eabf0aaaa2027f867ea8a4c80bb1abe3.ctex
[  29% ] savepack | 正在保存文件：res://Sprites/All_Icons/Blue Glowstick.png.import
[  29% ] savepack | 正在保存文件：res://.godot/imported/Blue Leggings.png-f062d405fb7038527157282e548c05e1.ctex
[  29% ] savepack | 正在保存文件：res://Sprites/All_Icons/Blue Leggings.png.import
[  29% ] savepack | 正在保存文件：res://.godot/imported/Blue Lining Gloves.png-f1bec0dd496d7ff6caab1af5eb9099e7.ctex
[  29% ] savepack | 正在保存文件：res://Sprites/All_Icons/Blue Lining Gloves.png.import
[  29% ] savepack | 正在保存文件：res://.godot/imported/Blue Metal Helmet.png-b85b05e2031e1b86332b332dba673510.ctex
[  29% ] savepack | 正在保存文件：res://Sprites/All_Icons/Blue Metal Helmet.png.import
[  29% ] savepack | 正在保存文件：res://.godot/imported/Blue Meter Tool.png-e2fcca4a959dbb1f95a3cd8dfb695734.ctex
[  29% ] savepack | 正在保存文件：res://Sprites/All_Icons/Blue Meter Tool.png.import
[  29% ] savepack | 正在保存文件：res://.godot/imported/Blue Necklace.png-df3c9922ca360ac9e710b5a79a317717.ctex
[  29% ] savepack | 正在保存文件：res://Sprites/All_Icons/Blue Necklace.png.import
[  29% ] savepack | 正在保存文件：res://.godot/imported/Blue Neon Boots.png-f1c84d7c508aa22fffe5518b3a5438ea.ctex
[  29% ] savepack | 正在保存文件：res://Sprites/All_Icons/Blue Neon Boots.png.import
[  29% ] savepack | 正在保存文件：res://.godot/imported/Blue Neon Bullet.png-65da348cb2d89c18130b5217d1392dfa.ctex
[  29% ] savepack | 正在保存文件：res://Sprites/All_Icons/Blue Neon Bullet.png.import
[  29% ] savepack | 正在保存文件：res://.godot/imported/Blue Neon Claw.png-5f50ae46fdec7657ae557994aa88ec34.ctex
[  29% ] savepack | 正在保存文件：res://Sprites/All_Icons/Blue Neon Claw.png.import
[  29% ] savepack | 正在保存文件：res://.godot/imported/Blue Neon Gloves.png-b272ff4e3923b7becd352b97ee60b4ef.ctex
[  29% ] savepack | 正在保存文件：res://Sprites/All_Icons/Blue Neon Gloves.png.import
[  29% ] savepack | 正在保存文件：res://.godot/imported/Blue Neon Helm.png-ad1a98e5616c07dc57d955e7d4c51b34.ctex
[  29% ] savepack | 正在保存文件：res://Sprites/All_Icons/Blue Neon Helm.png.import
[  29% ] savepack | 正在保存文件：res://.godot/imported/Blue Neon Jetpack.png-4818d0a1813c1b771245d8c5191e6297.ctex
[  29% ] savepack | 正在保存文件：res://Sprites/All_Icons/Blue Neon Jetpack.png.import
[  29% ] savepack | 正在保存文件：res://.godot/imported/Blue Neon Leggings.png-e40362286242033cd45094a9bfe1586d.ctex
[  29% ] savepack | 正在保存文件：res://Sprites/All_Icons/Blue Neon Leggings.png.import
[  30% ] savepack | 正在保存文件：res://.godot/imported/Blue Neon Shield.png-cd2e728032c7be9b50f7d100f9bb354b.ctex
[  30% ] savepack | 正在保存文件：res://Sprites/All_Icons/Blue Neon Shield.png.import
[  30% ] savepack | 正在保存文件：res://.godot/imported/Blue Neon Shovel.png-6b989776409daf6f2c01eb95440ec962.ctex
[  30% ] savepack | 正在保存文件：res://Sprites/All_Icons/Blue Neon Shovel.png.import
[  30% ] savepack | 正在保存文件：res://.godot/imported/Blue Night Visor.png-9b5c203c8327a8010bbea9dec370f3d2.ctex
[  30% ] savepack | 正在保存文件：res://Sprites/All_Icons/Blue Night Visor.png.import
[  30% ] savepack | 正在保存文件：res://.godot/imported/Blue Pickaxe.png-2f5b623822849248975b748a59212497.ctex
[  30% ] savepack | 正在保存文件：res://Sprites/All_Icons/Blue Pickaxe.png.import
[  30% ] savepack | 正在保存文件：res://.godot/imported/Blue Pocket Data.png-7bc8fbb3486369c0ea7a39423cc4ab13.ctex
[  30% ] savepack | 正在保存文件：res://Sprites/All_Icons/Blue Pocket Data.png.import
[  30% ] savepack | 正在保存文件：res://.godot/imported/Blue Seeds.png-c1f67791a57c4ae61f395af19dc21ac4.ctex
[  30% ] savepack | 正在保存文件：res://Sprites/All_Icons/Blue Seeds.png.import
[  30% ] savepack | 正在保存文件：res://.godot/imported/Blue Sickle.png-2e3f602ed5ad9da995c7d8a1181742ea.ctex
[  30% ] savepack | 正在保存文件：res://Sprites/All_Icons/Blue Sickle.png.import
[  30% ] savepack | 正在保存文件：res://.godot/imported/Blue Space Helmet.png-c625a167288a44a4dc16b50fd78adfab.ctex
[  30% ] savepack | 正在保存文件：res://Sprites/All_Icons/Blue Space Helmet.png.import
[  30% ] savepack | 正在保存文件：res://.godot/imported/Blue Specs.png-70153cef9f4e58d0a356ea994b0023d2.ctex
[  30% ] savepack | 正在保存文件：res://Sprites/All_Icons/Blue Specs.png.import
[  30% ] savepack | 正在保存文件：res://.godot/imported/Blue Spike Blade.png-5e1f7073344f05ed948837e4a7ef6396.ctex
[  30% ] savepack | 正在保存文件：res://Sprites/All_Icons/Blue Spike Blade.png.import
[  30% ] savepack | 正在保存文件：res://.godot/imported/Blue Spiked Chest.png-c9db3a7618e79a3eefc5b2583e7a0704.ctex
[  30% ] savepack | 正在保存文件：res://Sprites/All_Icons/Blue Spiked Chest.png.import
[  30% ] savepack | 正在保存文件：res://.godot/imported/Blue Star Crystal.png-9441f3856423e7e19045e846453b5b78.ctex
[  30% ] savepack | 正在保存文件：res://Sprites/All_Icons/Blue Star Crystal.png.import
[  30% ] savepack | 正在保存文件：res://.godot/imported/Blue Star Shards.png-5bd918229ddd4d10934cc3e6451f5616.ctex
[  30% ] savepack | 正在保存文件：res://Sprites/All_Icons/Blue Star Shards.png.import
[  31% ] savepack | 正在保存文件：res://.godot/imported/Blue Striped Jetpack.png-0d3a9dbfd2c698cf48daa7270f2b19d7.ctex
[  31% ] savepack | 正在保存文件：res://Sprites/All_Icons/Blue Striped Jetpack.png.import
[  31% ] savepack | 正在保存文件：res://.godot/imported/Blue Sword Ring.png-43045e1a536000930f5767a57337904a.ctex
[  31% ] savepack | 正在保存文件：res://Sprites/All_Icons/Blue Sword Ring.png.import
[  31% ] savepack | 正在保存文件：res://.godot/imported/Blue Sword.png-cc7ca91f1c292405c8d3b41b393d376d.ctex
[  31% ] savepack | 正在保存文件：res://Sprites/All_Icons/Blue Sword.png.import
[  31% ] savepack | 正在保存文件：res://.godot/imported/Blue Syringe.png-5365319063c91f67b1f8cf709516d124.ctex
[  31% ] savepack | 正在保存文件：res://Sprites/All_Icons/Blue Syringe.png.import
[  31% ] savepack | 正在保存文件：res://.godot/imported/Blue Tank Boots.png-fa6802bc940bb8c345c4ba9a4fb2658e.ctex
[  31% ] savepack | 正在保存文件：res://Sprites/All_Icons/Blue Tank Boots.png.import
[  31% ] savepack | 正在保存文件：res://.godot/imported/Blue Tank Helmet.png-1733dccc2ad04a8b369e3839444ac980.ctex
[  31% ] savepack | 正在保存文件：res://Sprites/All_Icons/Blue Tank Helmet.png.import
[  31% ] savepack | 正在保存文件：res://.godot/imported/Blue Wire.png-bfe93b66ec5599e90c5af75ff0ef4cc2.ctex
[  31% ] savepack | 正在保存文件：res://Sprites/All_Icons/Blue Wire.png.import
[  31% ] savepack | 正在保存文件：res://.godot/imported/Blueprint.png-8bebe0471a144ef4c86c9721f548e6f2.ctex
[  31% ] savepack | 正在保存文件：res://Sprites/All_Icons/Blueprint.png.import
[  31% ] savepack | 正在保存文件：res://.godot/imported/Bluerite Berries.png-c60cf88c9462ee73fe088fe48731e88d.ctex
[  31% ] savepack | 正在保存文件：res://Sprites/All_Icons/Bluerite Berries.png.import
[  31% ] savepack | 正在保存文件：res://.godot/imported/Bluerite Bow.png-e883e7f06e85ee948b6fae653914cc6b.ctex
[  31% ] savepack | 正在保存文件：res://Sprites/All_Icons/Bluerite Bow.png.import
[  31% ] savepack | 正在保存文件：res://.godot/imported/Bluerite Bullet.png-02bb4bf47e0609c1fa4fa779a76839a4.ctex
[  31% ] savepack | 正在保存文件：res://Sprites/All_Icons/Bluerite Bullet.png.import
[  31% ] savepack | 正在保存文件：res://.godot/imported/Bluerite Cell.png-d39582e64e0d821e0c2f9fd3aca8e5e4.ctex
[  31% ] savepack | 正在保存文件：res://Sprites/All_Icons/Bluerite Cell.png.import
[  31% ] savepack | 正在保存文件：res://.godot/imported/Bluerite Meteor.png-57a97ac24cd536a9aee436330cfb1bed.ctex
[  31% ] savepack | 正在保存文件：res://Sprites/All_Icons/Bluerite Meteor.png.import
[  31% ] savepack | 正在保存文件：res://.godot/imported/Bluerite Orb.png-b0d6cc8563e9ff9b793e176d78a024f1.ctex
[  31% ] savepack | 正在保存文件：res://Sprites/All_Icons/Bluerite Orb.png.import
[  32% ] savepack | 正在保存文件：res://.godot/imported/Bluerite Ring.png-4fb6cec623a8c04d42ff5a54b0b63f47.ctex
[  32% ] savepack | 正在保存文件：res://Sprites/All_Icons/Bluerite Ring.png.import
[  32% ] savepack | 正在保存文件：res://.godot/imported/Bluerite Sickle.png-021cbd751125867a684d68c6288db3b2.ctex
[  32% ] savepack | 正在保存文件：res://Sprites/All_Icons/Bluerite Sickle.png.import
[  32% ] savepack | 正在保存文件：res://.godot/imported/Bluerite Visor.png-046403178d5f4ee7b10d1e350cdf602c.ctex
[  32% ] savepack | 正在保存文件：res://Sprites/All_Icons/Bluerite Visor.png.import
[  32% ] savepack | 正在保存文件：res://.godot/imported/Bluescreen.png-eaf40663f6e90f32eb7f37d18f6748b8.ctex
[  32% ] savepack | 正在保存文件：res://Sprites/All_Icons/Bluescreen.png.import
[  32% ] savepack | 正在保存文件：res://.godot/imported/Bluesteel Helmet.png-090c654704844e4d90e2a42c4a73753f.ctex
[  32% ] savepack | 正在保存文件：res://Sprites/All_Icons/Bluesteel Helmet.png.import
[  32% ] savepack | 正在保存文件：res://.godot/imported/Bolt.png-48001d05eca3f8d4e047623b687861b0.ctex
[  32% ] savepack | 正在保存文件：res://Sprites/All_Icons/Bolt.png.import
[  32% ] savepack | 正在保存文件：res://.godot/imported/Bombberry.png-7904ad9e6549c4465c22f375e0f315e1.ctex
[  32% ] savepack | 正在保存文件：res://Sprites/All_Icons/Bombberry.png.import
[  32% ] savepack | 正在保存文件：res://.godot/imported/Broken Data Panel.png-c38c1d42b3805cedf222cc30071588aa.ctex
[  32% ] savepack | 正在保存文件：res://Sprites/All_Icons/Broken Data Panel.png.import
[  32% ] savepack | 正在保存文件：res://.godot/imported/Broken Meter.png-920efb00a28aa804df77333c2eab20e0.ctex
[  32% ] savepack | 正在保存文件：res://Sprites/All_Icons/Broken Meter.png.import
[  32% ] savepack | 正在保存文件：res://.godot/imported/Broken Pocket Data.png-da7a94c6e8a4407b04a3654b9c6b0bba.ctex
[  32% ] savepack | 正在保存文件：res://Sprites/All_Icons/Broken Pocket Data.png.import
[  32% ] savepack | 正在保存文件：res://.godot/imported/Broken Screen.png-4363d2c8462ed6601529efe7bb379d7d.ctex
[  32% ] savepack | 正在保存文件：res://Sprites/All_Icons/Broken Screen.png.import
[  32% ] savepack | 正在保存文件：res://.godot/imported/Broken Shield.png-3ff3570a542db356257ca87a2c88483f.ctex
[  32% ] savepack | 正在保存文件：res://Sprites/All_Icons/Broken Shield.png.import
[  32% ] savepack | 正在保存文件：res://.godot/imported/Camera.png-979b1a11be15eeea1c1ac1b70eb901fd.ctex
[  32% ] savepack | 正在保存文件：res://Sprites/All_Icons/Camera.png.import
[  33% ] savepack | 正在保存文件：res://.godot/imported/Candy Pack.png-9a422e8a2e260bdd2d36d8a0119073bd.ctex
[  33% ] savepack | 正在保存文件：res://Sprites/All_Icons/Candy Pack.png.import
[  33% ] savepack | 正在保存文件：res://.godot/imported/Claw.png-c9d9d86bd546452130a52e0153bc0be9.ctex
[  33% ] savepack | 正在保存文件：res://Sprites/All_Icons/Claw.png.import
[  33% ] savepack | 正在保存文件：res://.godot/imported/Coffee Bean Pack.png-6fd1e1558c14773fb54a9b2d845d062e.ctex
[  33% ] savepack | 正在保存文件：res://Sprites/All_Icons/Coffee Bean Pack.png.import
[  33% ] savepack | 正在保存文件：res://.godot/imported/Colorful Boots.png-369e98f3cc200e85c12c2af76a2d9539.ctex
[  33% ] savepack | 正在保存文件：res://Sprites/All_Icons/Colorful Boots.png.import
[  33% ] savepack | 正在保存文件：res://.godot/imported/Colorful Leggings.png-dfa8625017ecef1c4ebcfc176a6155da.ctex
[  33% ] savepack | 正在保存文件：res://Sprites/All_Icons/Colorful Leggings.png.import
[  33% ] savepack | 正在保存文件：res://.godot/imported/Controller.png-534bf548dda175a02bdc784617c1272c.ctex
[  33% ] savepack | 正在保存文件：res://Sprites/All_Icons/Controller.png.import
[  33% ] savepack | 正在保存文件：res://.godot/imported/Cross Data Shield.png-1c949e1d196704401c5c4c15c610d264.ctex
[  33% ] savepack | 正在保存文件：res://Sprites/All_Icons/Cross Data Shield.png.import
[  33% ] savepack | 正在保存文件：res://.godot/imported/Crystal.png-8fe07c606a69115e7d8ec7103b0295c5.ctex
[  33% ] savepack | 正在保存文件：res://Sprites/All_Icons/Crystal.png.import
[  33% ] savepack | 正在保存文件：res://.godot/imported/Cyber Key.png-3f595f247ad841ee3643612cddf2a136.ctex
[  33% ] savepack | 正在保存文件：res://Sprites/All_Icons/Cyber Key.png.import
[  33% ] savepack | 正在保存文件：res://.godot/imported/Cyborg Skull.png-be0eb5e15a69180fcce846d0bda43042.ctex
[  33% ] savepack | 正在保存文件：res://Sprites/All_Icons/Cyborg Skull.png.import
[  33% ] savepack | 正在保存文件：res://.godot/imported/Cyclops Skull.png-dbc8de83458956ae68d2548e92c19bed.ctex
[  33% ] savepack | 正在保存文件：res://Sprites/All_Icons/Cyclops Skull.png.import
[  33% ] savepack | 正在保存文件：res://.godot/imported/Dark Bluerite Alien Helmet.png-9e99d46ec8db1645f06f989c29f4bdb3.ctex
[  33% ] savepack | 正在保存文件：res://Sprites/All_Icons/Dark Bluerite Alien Helmet.png.import
[  33% ] savepack | 正在保存文件：res://.godot/imported/Dark Camera.png-4fdab071ec0794fee6802af458a5146f.ctex
[  33% ] savepack | 正在保存文件：res://Sprites/All_Icons/Dark Camera.png.import
[  33% ] savepack | 正在保存文件：res://.godot/imported/Dark Claw.png-699c6532625e9cf46631104482294281.ctex
[  33% ] savepack | 正在保存文件：res://Sprites/All_Icons/Dark Claw.png.import
[  33% ] savepack | 正在保存文件：res://.godot/imported/Dark Droid.png-3e5a81f0e5bf1b9781e87ae31b06ff0b.ctex
[  33% ] savepack | 正在保存文件：res://Sprites/All_Icons/Dark Droid.png.import
[  33% ] savepack | 正在保存文件：res://.godot/imported/Dark Drone.png-3f6df24f51c5e74e38b0c2aeb8e73669.ctex
[  33% ] savepack | 正在保存文件：res://Sprites/All_Icons/Dark Drone.png.import
[  33% ] savepack | 正在保存文件：res://.godot/imported/Dark Helm.png-b937479f1bbfdbdcd6d7ef5f9a9e7f46.ctex
[  33% ] savepack | 正在保存文件：res://Sprites/All_Icons/Dark Helm.png.import
[  33% ] savepack | 正在保存文件：res://.godot/imported/Dark Orange Alien Helmet.png-a96f91acd2021b6b8ab03933c6444c05.ctex
[  33% ] savepack | 正在保存文件：res://Sprites/All_Icons/Dark Orange Alien Helmet.png.import
[  33% ] savepack | 正在保存文件：res://.godot/imported/Dark Pink Revolver.png-1560ac13794c1fafe02a5cd597cedb11.ctex
[  33% ] savepack | 正在保存文件：res://Sprites/All_Icons/Dark Pink Revolver.png.import
[  33% ] savepack | 正在保存文件：res://.godot/imported/Dark Revolver.png-15261e1dad44b4e8cdf948f6ab66d13b.ctex
[  33% ] savepack | 正在保存文件：res://Sprites/All_Icons/Dark Revolver.png.import
[  33% ] savepack | 正在保存文件：res://.godot/imported/Dark Space Ring.png-54ae711d68a568dad7f87541c4a23c80.ctex
[  33% ] savepack | 正在保存文件：res://Sprites/All_Icons/Dark Space Ring.png.import
[  33% ] savepack | 正在保存文件：res://.godot/imported/Dark Tentacle.png-f1a6105c88088be0d82e6a21a79d8783.ctex
[  33% ] savepack | 正在保存文件：res://Sprites/All_Icons/Dark Tentacle.png.import
[  33% ] savepack | 正在保存文件：res://.godot/imported/Darkblue Chest.png-ef33f1ffcfd9dbec865759442b714010.ctex
[  33% ] savepack | 正在保存文件：res://Sprites/All_Icons/Darkblue Chest.png.import
[  33% ] savepack | 正在保存文件：res://.godot/imported/Darkblue Cosmic Ring.png-64b9a39ba743e23bf41b8150e1be7c9c.ctex
[  33% ] savepack | 正在保存文件：res://Sprites/All_Icons/Darkblue Cosmic Ring.png.import
[  33% ] savepack | 正在保存文件：res://.godot/imported/Darkblue Revolver.png-4cb5bed4109e471f88c16518c45efbb9.ctex
[  33% ] savepack | 正在保存文件：res://Sprites/All_Icons/Darkblue Revolver.png.import
[  33% ] savepack | 正在保存文件：res://.godot/imported/Darkblue Space Helmet.png-a35a85e0db0598861f4f3fff24834074.ctex
[  33% ] savepack | 正在保存文件：res://Sprites/All_Icons/Darkblue Space Helmet.png.import
[  33% ] savepack | 正在保存文件：res://.godot/imported/Darkblue Speed Rifle.png-69c5d33d67545f9b37eb3d1979b671e9.ctex
[  33% ] savepack | 正在保存文件：res://Sprites/All_Icons/Darkblue Speed Rifle.png.import
[  34% ] savepack | 正在保存文件：res://.godot/imported/Darkgreen Chest.png-5047e61618199552b6179fae73bb7522.ctex
[  34% ] savepack | 正在保存文件：res://Sprites/All_Icons/Darkgreen Chest.png.import
[  34% ] savepack | 正在保存文件：res://.godot/imported/Darkgreen Cosmic Ring.png-7f18e4f4b3c050880fc34fe8214cf500.ctex
[  34% ] savepack | 正在保存文件：res://Sprites/All_Icons/Darkgreen Cosmic Ring.png.import
[  34% ] savepack | 正在保存文件：res://.godot/imported/Darkgreen Revolver.png-d3d2771823de084b404ff62bb8e597c6.ctex
[  34% ] savepack | 正在保存文件：res://Sprites/All_Icons/Darkgreen Revolver.png.import
[  34% ] savepack | 正在保存文件：res://.godot/imported/Darkgreen Speed Rifle.png-7bc482dae3be7d5c78b0bd392a951b34.ctex
[  34% ] savepack | 正在保存文件：res://Sprites/All_Icons/Darkgreen Speed Rifle.png.import
[  34% ] savepack | 正在保存文件：res://.godot/imported/Darkmetal Jetpack.png-0b8d8c5e88c799f1c9ffd320f0881e0f.ctex
[  34% ] savepack | 正在保存文件：res://Sprites/All_Icons/Darkmetal Jetpack.png.import
[  34% ] savepack | 正在保存文件：res://.godot/imported/Darkpink Space Helmet.png-37a66024de28f72f7dc089738953fd28.ctex
[  34% ] savepack | 正在保存文件：res://Sprites/All_Icons/Darkpink Space Helmet.png.import
[  34% ] savepack | 正在保存文件：res://.godot/imported/Darkpurple Alien Helm.png-e2e53c00ccf182b625b2fb52889e6802.ctex
[  34% ] savepack | 正在保存文件：res://Sprites/All_Icons/Darkpurple Alien Helm.png.import
[  34% ] savepack | 正在保存文件：res://.godot/imported/Darkpurple Cosmic Ring.png-4d7aa507aace4016d5b36f0f51e39cfb.ctex
[  34% ] savepack | 正在保存文件：res://Sprites/All_Icons/Darkpurple Cosmic Ring.png.import
[  34% ] savepack | 正在保存文件：res://.godot/imported/Darkred Chest.png-c6529f3c82507abcb00ad34b2b4dbf00.ctex
[  34% ] savepack | 正在保存文件：res://Sprites/All_Icons/Darkred Chest.png.import
[  34% ] savepack | 正在保存文件：res://.godot/imported/Darkred Cosmic Ring.png-66143589f43b08f8ac4ca281defcb4e6.ctex
[  34% ] savepack | 正在保存文件：res://Sprites/All_Icons/Darkred Cosmic Ring.png.import
[  34% ] savepack | 正在保存文件：res://.godot/imported/Data Panel Off.png-8d36de58163b73b185bfa30e00850255.ctex
[  34% ] savepack | 正在保存文件：res://Sprites/All_Icons/Data Panel Off.png.import
[  34% ] savepack | 正在保存文件：res://.godot/imported/Data Panel.png-ad78f41ece4abf2bdbfdbf3f0f8ee852.ctex
[  34% ] savepack | 正在保存文件：res://Sprites/All_Icons/Data Panel.png.import
[  34% ] savepack | 正在保存文件：res://.godot/imported/Data Screen.png-ada9daba287e0bbc98c22f5863e53ef2.ctex
[  34% ] savepack | 正在保存文件：res://Sprites/All_Icons/Data Screen.png.import
[  34% ] savepack | 正在保存文件：res://.godot/imported/Data Shield.png-3571bf11cca0187a0e554d2ba099ccc3.ctex
[  34% ] savepack | 正在保存文件：res://Sprites/All_Icons/Data Shield.png.import
[  35% ] savepack | 正在保存文件：res://.godot/imported/Data Watch.png-1b1bfaeec4710294aba822b6438f2161.ctex
[  35% ] savepack | 正在保存文件：res://Sprites/All_Icons/Data Watch.png.import
[  35% ] savepack | 正在保存文件：res://.godot/imported/Datascreen.png-e89f18f58350394db1bfb3ea3fc4cd0a.ctex
[  35% ] savepack | 正在保存文件：res://Sprites/All_Icons/Datascreen.png.import
[  35% ] savepack | 正在保存文件：res://.godot/imported/Decayed Brain.png-9bc3230379604363c1a508be9e578a96.ctex
[  35% ] savepack | 正在保存文件：res://Sprites/All_Icons/Decayed Brain.png.import
[  35% ] savepack | 正在保存文件：res://.godot/imported/Down Arrow.png-b48989c147326d6720a82784f1e19645.ctex
[  35% ] savepack | 正在保存文件：res://Sprites/All_Icons/Down Arrow.png.import
[  35% ] savepack | 正在保存文件：res://.godot/imported/Droid.png-9b60b0556ed937fc1b3230c8c00d2271.ctex
[  35% ] savepack | 正在保存文件：res://Sprites/All_Icons/Droid.png.import
[  35% ] savepack | 正在保存文件：res://.godot/imported/Drone.png-ea4df2dd50edab7b11ce74a663bb5693.ctex
[  35% ] savepack | 正在保存文件：res://Sprites/All_Icons/Drone.png.import
[  35% ] savepack | 正在保存文件：res://.godot/imported/Embryo.png-48a4cb5317316172737e0278df59458f.ctex
[  35% ] savepack | 正在保存文件：res://Sprites/All_Icons/Embryo.png.import
[  35% ] savepack | 正在保存文件：res://.godot/imported/Emerald Ring.png-83211ab23b4b732118a06404763c49cb.ctex
[  35% ] savepack | 正在保存文件：res://Sprites/All_Icons/Emerald Ring.png.import
[  35% ] savepack | 正在保存文件：res://.godot/imported/Empty Cell.png-cde45d61e70c20edc084b6b390b9816e.ctex
[  35% ] savepack | 正在保存文件：res://Sprites/All_Icons/Empty Cell.png.import
[  35% ] savepack | 正在保存文件：res://.godot/imported/Empty Corner Potion.png-4aa2888ec1529b89440a4b32b12fe7bf.ctex
[  35% ] savepack | 正在保存文件：res://Sprites/All_Icons/Empty Corner Potion.png.import
[  35% ] savepack | 正在保存文件：res://.godot/imported/Empty Data Shield.png-539109770df6f27c50f03da588a619d9.ctex
[  35% ] savepack | 正在保存文件：res://Sprites/All_Icons/Empty Data Shield.png.import
[  35% ] savepack | 正在保存文件：res://.godot/imported/Empty Meteorite.png-f7cba0b55115b0ced1cd3c5fbd657c0c.ctex
[  35% ] savepack | 正在保存文件：res://Sprites/All_Icons/Empty Meteorite.png.import
[  35% ] savepack | 正在保存文件：res://.godot/imported/Empty Potion.png-7f0ad0fe0a8100b8b8b95b206ff53d8d.ctex
[  35% ] savepack | 正在保存文件：res://Sprites/All_Icons/Empty Potion.png.import
[  36% ] savepack | 正在保存文件：res://.godot/imported/Empty Vial.png-aa9ae04506af3d73d2bfa4b98bec795e.ctex
[  36% ] savepack | 正在保存文件：res://Sprites/All_Icons/Empty Vial.png.import
[  36% ] savepack | 正在保存文件：res://.godot/imported/Error Icon.png-13523dbba46a70379899bc7680f4d282.ctex
[  36% ] savepack | 正在保存文件：res://Sprites/All_Icons/Error Icon.png.import
[  36% ] savepack | 正在保存文件：res://.godot/imported/Flashlight Off.png-b57d94cf5455482f85aee8ed83a06c05.ctex
[  36% ] savepack | 正在保存文件：res://Sprites/All_Icons/Flashlight Off.png.import
[  36% ] savepack | 正在保存文件：res://.godot/imported/Flashlight On.png-e03a58998951e5394d02764110b4135c.ctex
[  36% ] savepack | 正在保存文件：res://Sprites/All_Icons/Flashlight On.png.import
[  36% ] savepack | 正在保存文件：res://.godot/imported/Flesh Skull.png-aa906680735a29571897f15b5ef87271.ctex
[  36% ] savepack | 正在保存文件：res://Sprites/All_Icons/Flesh Skull.png.import
[  36% ] savepack | 正在保存文件：res://.godot/imported/Fruit Pack.png-5808076a777f46ddffcce86ecc7208a4.ctex
[  36% ] savepack | 正在保存文件：res://Sprites/All_Icons/Fruit Pack.png.import
[  36% ] savepack | 正在保存文件：res://.godot/imported/Gas Can.png-ba9879806c2ea0314fb38ed039eca576.ctex
[  36% ] savepack | 正在保存文件：res://Sprites/All_Icons/Gas Can.png.import
[  36% ] savepack | 正在保存文件：res://.godot/imported/Gasmask Blue.png-100b431952f2a0772fcb73561a48f078.ctex
[  36% ] savepack | 正在保存文件：res://Sprites/All_Icons/Gasmask Blue.png.import
[  36% ] savepack | 正在保存文件：res://.godot/imported/Gasmask Pink.png-9cc8c9f7deab8f040e473f3161709e80.ctex
[  36% ] savepack | 正在保存文件：res://Sprites/All_Icons/Gasmask Pink.png.import
[  36% ] savepack | 正在保存文件：res://.godot/imported/Gasoline Spray.png-cd4af31044d6205c0a48a30c3e9772f0.ctex
[  36% ] savepack | 正在保存文件：res://Sprites/All_Icons/Gasoline Spray.png.import
[  36% ] savepack | 正在保存文件：res://.godot/imported/Giant Berry.png-93984f1b49b7f5cf31d6c5a7ea93883d.ctex
[  36% ] savepack | 正在保存文件：res://Sprites/All_Icons/Giant Berry.png.import
[  36% ] savepack | 正在保存文件：res://.godot/imported/Goldenite Bar.png-c5054282a921721ec0c3d32058902eee.ctex
[  36% ] savepack | 正在保存文件：res://Sprites/All_Icons/Goldenite Bar.png.import
[  36% ] savepack | 正在保存文件：res://.godot/imported/Green Ammo.png-7c3f73610f7a1f255b5c515c5f2db382.ctex
[  36% ] savepack | 正在保存文件：res://Sprites/All_Icons/Green Ammo.png.import
[  36% ] savepack | 正在保存文件：res://.godot/imported/Green Bacteria.png-e1fc364ce3553a7b57c5803786ea5774.ctex
[  36% ] savepack | 正在保存文件：res://Sprites/All_Icons/Green Bacteria.png.import
[  37% ] savepack | 正在保存文件：res://.godot/imported/Green Button.png-aa7145daf0104f38281c6684eca97acf.ctex
[  37% ] savepack | 正在保存文件：res://Sprites/All_Icons/Green Button.png.import
[  37% ] savepack | 正在保存文件：res://.godot/imported/Green Cell.png-4f001426f0700ed1b3499d585909ebe4.ctex
[  37% ] savepack | 正在保存文件：res://Sprites/All_Icons/Green Cell.png.import
[  37% ] savepack | 正在保存文件：res://.godot/imported/Green Circuit.png-edda0644a521f2b448327f1d1a7d831e.ctex
[  37% ] savepack | 正在保存文件：res://Sprites/All_Icons/Green Circuit.png.import
[  37% ] savepack | 正在保存文件：res://.godot/imported/Green Conveyor Belt.png-79aa8c57ea0f19909de932af83228df1.ctex
[  37% ] savepack | 正在保存文件：res://Sprites/All_Icons/Green Conveyor Belt.png.import
[  37% ] savepack | 正在保存文件：res://.godot/imported/Green Core.png-86e951f190e37962882e46eac7846bf4.ctex
[  37% ] savepack | 正在保存文件：res://Sprites/All_Icons/Green Core.png.import
[  37% ] savepack | 正在保存文件：res://.godot/imported/Green Corner Potion.png-0ca0be107c8bcf01af0167ae59db873c.ctex
[  37% ] savepack | 正在保存文件：res://Sprites/All_Icons/Green Corner Potion.png.import
[  37% ] savepack | 正在保存文件：res://.godot/imported/Green Cosmic Ring.png-154ce1b616187f8c58a1c592e8b4f6ac.ctex
[  37% ] savepack | 正在保存文件：res://Sprites/All_Icons/Green Cosmic Ring.png.import
[  37% ] savepack | 正在保存文件：res://.godot/imported/Green Crate.png-38debfdb75fa8142f056819eeed00f3e.ctex
[  37% ] savepack | 正在保存文件：res://Sprites/All_Icons/Green Crate.png.import
[  37% ] savepack | 正在保存文件：res://.godot/imported/Green Dark Helmet.png-44ea1824f2d67c23aa8917dd660c0af4.ctex
[  37% ] savepack | 正在保存文件：res://Sprites/All_Icons/Green Dark Helmet.png.import
[  37% ] savepack | 正在保存文件：res://.godot/imported/Green Data Panel.png-dd90aeef0f5084df8e20af97fdbda45f.ctex
[  37% ] savepack | 正在保存文件：res://Sprites/All_Icons/Green Data Panel.png.import
[  37% ] savepack | 正在保存文件：res://.godot/imported/Green Data Ring.png-471053e8dfc12ea855f1d65e9dddd16f.ctex
[  37% ] savepack | 正在保存文件：res://Sprites/All_Icons/Green Data Ring.png.import
[  37% ] savepack | 正在保存文件：res://.godot/imported/Green Gatler.png-9650109d24387bae31a56ae74dfb24d9.ctex
[  37% ] savepack | 正在保存文件：res://Sprites/All_Icons/Green Gatler.png.import
[  37% ] savepack | 正在保存文件：res://.godot/imported/Green Glowstick.png-afd57699f6d2565bd901f5bd7d766d8e.ctex
[  37% ] savepack | 正在保存文件：res://Sprites/All_Icons/Green Glowstick.png.import
[  38% ] savepack | 正在保存文件：res://.godot/imported/Green Grenade.png-70b3a1218a5ee7045e65cb543829bcfa.ctex
[  38% ] savepack | 正在保存文件：res://Sprites/All_Icons/Green Grenade.png.import
[  38% ] savepack | 正在保存文件：res://.godot/imported/Green Meter Tool.png-67340442a3af92810144c1371ecce302.ctex
[  38% ] savepack | 正在保存文件：res://Sprites/All_Icons/Green Meter Tool.png.import
[  38% ] savepack | 正在保存文件：res://.godot/imported/Green Necklace.png-8a274f3d52cf9759592da4f979daca32.ctex
[  38% ] savepack | 正在保存文件：res://Sprites/All_Icons/Green Necklace.png.import
[  38% ] savepack | 正在保存文件：res://.godot/imported/Green Neon Chest.png-7b0621b27b3036c583df4790d35721c6.ctex
[  38% ] savepack | 正在保存文件：res://Sprites/All_Icons/Green Neon Chest.png.import
[  38% ] savepack | 正在保存文件：res://.godot/imported/Green Neon Gloves.png-54b38946a7fdea3977f98f812b749696.ctex
[  38% ] savepack | 正在保存文件：res://Sprites/All_Icons/Green Neon Gloves.png.import
[  38% ] savepack | 正在保存文件：res://.godot/imported/Green Neon Jetpack.png-0321e70114f64e91126b1d525b977268.ctex
[  38% ] savepack | 正在保存文件：res://Sprites/All_Icons/Green Neon Jetpack.png.import
[  38% ] savepack | 正在保存文件：res://.godot/imported/Green Night Visor.png-8816db2bdad64f4d231f2fe356ee1a6e.ctex
[  38% ] savepack | 正在保存文件：res://Sprites/All_Icons/Green Night Visor.png.import
[  38% ] savepack | 正在保存文件：res://.godot/imported/Green Pickaxe.png-3dfd25581d36340f50169f55e5e34e00.ctex
[  38% ] savepack | 正在保存文件：res://Sprites/All_Icons/Green Pickaxe.png.import
[  38% ] savepack | 正在保存文件：res://.godot/imported/Green Pocket Data.png-b549753102480e1b0f843d6f2b204ed9.ctex
[  38% ] savepack | 正在保存文件：res://Sprites/All_Icons/Green Pocket Data.png.import
[  38% ] savepack | 正在保存文件：res://.godot/imported/Green Seeds.png-ec107e36c30a1d3f73fe50aa94841d99.ctex
[  38% ] savepack | 正在保存文件：res://Sprites/All_Icons/Green Seeds.png.import
[  38% ] savepack | 正在保存文件：res://.godot/imported/Green Space Helmet.png-dd9eb7ab6c42d6a4f92eb8841c09cb5f.ctex
[  38% ] savepack | 正在保存文件：res://Sprites/All_Icons/Green Space Helmet.png.import
[  38% ] savepack | 正在保存文件：res://.godot/imported/Green Star Shards.png-32f494da887217b939da1b1ed7bf4ee0.ctex
[  38% ] savepack | 正在保存文件：res://Sprites/All_Icons/Green Star Shards.png.import
[  38% ] savepack | 正在保存文件：res://.godot/imported/Green Starcrystal.png-9269f4e65518e18c89ba1fed333521bf.ctex
[  38% ] savepack | 正在保存文件：res://Sprites/All_Icons/Green Starcrystal.png.import
[  38% ] savepack | 正在保存文件：res://.godot/imported/Green Sword Ring.png-114fb145b7e5ce7c24f7d574980418ed.ctex
[  38% ] savepack | 正在保存文件：res://Sprites/All_Icons/Green Sword Ring.png.import
[  39% ] savepack | 正在保存文件：res://.godot/imported/Green Sword.png-16cc4bbef1d46333a258a5f8539470fb.ctex
[  39% ] savepack | 正在保存文件：res://Sprites/All_Icons/Green Sword.png.import
[  39% ] savepack | 正在保存文件：res://.godot/imported/Green Syringe.png-770b0870a6edd9d2129cba69fe715c0e.ctex
[  39% ] savepack | 正在保存文件：res://Sprites/All_Icons/Green Syringe.png.import
[  39% ] savepack | 正在保存文件：res://.godot/imported/Green Up Arrow.png-2587c76199d7318de93b1c7fe6bb3675.ctex
[  39% ] savepack | 正在保存文件：res://Sprites/All_Icons/Green Up Arrow.png.import
[  39% ] savepack | 正在保存文件：res://.godot/imported/Green Wire.png-facd00591b79dc147f880db701f777f0.ctex
[  39% ] savepack | 正在保存文件：res://Sprites/All_Icons/Green Wire.png.import
[  39% ] savepack | 正在保存文件：res://.godot/imported/Hand Claw.png-c5fcf496860333490d6e430b48ab0648.ctex
[  39% ] savepack | 正在保存文件：res://Sprites/All_Icons/Hand Claw.png.import
[  39% ] savepack | 正在保存文件：res://.godot/imported/Health Kit.png-a3ad6444cbeb934bfb098f6218b5b878.ctex
[  39% ] savepack | 正在保存文件：res://Sprites/All_Icons/Health Kit.png.import
[  39% ] savepack | 正在保存文件：res://.godot/imported/Health Pack.png-785fca548bbb626d986442d232fe80c5.ctex
[  39% ] savepack | 正在保存文件：res://Sprites/All_Icons/Health Pack.png.import
[  39% ] savepack | 正在保存文件：res://.godot/imported/Healthbullet.png-6d45d197c2908b36575607a60edd306a.ctex
[  39% ] savepack | 正在保存文件：res://Sprites/All_Icons/Healthbullet.png.import
[  39% ] savepack | 正在保存文件：res://.godot/imported/Healthpill.png-397de3c5d8a2b02a241c8f68c18f3c81.ctex
[  39% ] savepack | 正在保存文件：res://Sprites/All_Icons/Healthpill.png.import
[  39% ] savepack | 正在保存文件：res://.godot/imported/Heavy Gasmask.png-b3711c3366cc536db65afd9ceea072b4.ctex
[  39% ] savepack | 正在保存文件：res://Sprites/All_Icons/Heavy Gasmask.png.import
[  39% ] savepack | 正在保存文件：res://.godot/imported/Heavy Orange Gatler.png-1ed50feff9825dcec63be0038a1c3700.ctex
[  39% ] savepack | 正在保存文件：res://Sprites/All_Icons/Heavy Orange Gatler.png.import
[  39% ] savepack | 正在保存文件：res://.godot/imported/Heavy Poison Gatler.png-5946f43456057b9de2319b30a158a71b.ctex
[  39% ] savepack | 正在保存文件：res://Sprites/All_Icons/Heavy Poison Gatler.png.import
[  39% ] savepack | 正在保存文件：res://.godot/imported/Heavy Purple Gatler.png-a35b2b430e1ca2c9cb26e1202fe94cda.ctex
[  39% ] savepack | 正在保存文件：res://Sprites/All_Icons/Heavy Purple Gatler.png.import
[  40% ] savepack | 正在保存文件：res://.godot/imported/Hover Boots.png-c28a189e0cac60135dab4afd754980ee.ctex
[  40% ] savepack | 正在保存文件：res://Sprites/All_Icons/Hover Boots.png.import
[  40% ] savepack | 正在保存文件：res://.godot/imported/Ice Pack.png-44873882cb9960033f8ec33f996abaf5.ctex
[  40% ] savepack | 正在保存文件：res://Sprites/All_Icons/Ice Pack.png.import
[  40% ] savepack | 正在保存文件：res://.godot/imported/Irrite Axe.png-5b8ac8efb90ca99af836c9821f4241f5.ctex
[  40% ] savepack | 正在保存文件：res://Sprites/All_Icons/Irrite Axe.png.import
[  40% ] savepack | 正在保存文件：res://.godot/imported/Irrite Bar.png-333b14faffafda57816f4489c052fbd7.ctex
[  40% ] savepack | 正在保存文件：res://Sprites/All_Icons/Irrite Bar.png.import
[  40% ] savepack | 正在保存文件：res://.godot/imported/Irrite Bow.png-6845edac0c7e42ece3806bc11d855461.ctex
[  40% ] savepack | 正在保存文件：res://Sprites/All_Icons/Irrite Bow.png.import
[  40% ] savepack | 正在保存文件：res://.godot/imported/Irrite Bullet.png-294fa7eda59c10882404a7cf1296ae65.ctex
[  40% ] savepack | 正在保存文件：res://Sprites/All_Icons/Irrite Bullet.png.import
[  40% ] savepack | 正在保存文件：res://.godot/imported/Irrite Cell.png-b242bdf81fa6e8c0ad1061a04b49ab63.ctex
[  40% ] savepack | 正在保存文件：res://Sprites/All_Icons/Irrite Cell.png.import
[  40% ] savepack | 正在保存文件：res://.godot/imported/Irrite Chest.png-784fab4b16015d531aaa60b7f833973d.ctex
[  40% ] savepack | 正在保存文件：res://Sprites/All_Icons/Irrite Chest.png.import
[  40% ] savepack | 正在保存文件：res://.godot/imported/Irrite Crystal.png-c0961a5af08c7836bb9477ce9d72f92d.ctex
[  40% ] savepack | 正在保存文件：res://Sprites/All_Icons/Irrite Crystal.png.import
[  40% ] savepack | 正在保存文件：res://.godot/imported/Irrite Gloves.png-0b98178d9b9240050d760f52bbf852a9.ctex
[  40% ] savepack | 正在保存文件：res://Sprites/All_Icons/Irrite Gloves.png.import
[  40% ] savepack | 正在保存文件：res://.godot/imported/Irrite Helmet.png-8fc8da40dafb6d543dc39cc7ac99d116.ctex
[  40% ] savepack | 正在保存文件：res://Sprites/All_Icons/Irrite Helmet.png.import
[  40% ] savepack | 正在保存文件：res://.godot/imported/Irrite Leggings.png-6a5dab268db3b48e07c7e7b9324eb7e9.ctex
[  40% ] savepack | 正在保存文件：res://Sprites/All_Icons/Irrite Leggings.png.import
[  40% ] savepack | 正在保存文件：res://.godot/imported/Irrite Meteorite.png-4ce94738138e5ed51ef1b463d59a093b.ctex
[  40% ] savepack | 正在保存文件：res://Sprites/All_Icons/Irrite Meteorite.png.import
[  40% ] savepack | 正在保存文件：res://.godot/imported/Irrite Ore.png-8bf3f7e5b1717ae331363af1609a7d31.ctex
[  40% ] savepack | 正在保存文件：res://Sprites/All_Icons/Irrite Ore.png.import
[  41% ] savepack | 正在保存文件：res://.godot/imported/Irrite Ring.png-f2d49bd7ffe64008e4ff5ba4af182439.ctex
[  41% ] savepack | 正在保存文件：res://Sprites/All_Icons/Irrite Ring.png.import
[  41% ] savepack | 正在保存文件：res://.godot/imported/Irrite Sickle.png-8d01f4a21832bb03d74701989d553b98.ctex
[  41% ] savepack | 正在保存文件：res://Sprites/All_Icons/Irrite Sickle.png.import
[  41% ] savepack | 正在保存文件：res://.godot/imported/Large Blue Potion.png-167b0ff0e11f6aa3f4f787fda46959fe.ctex
[  41% ] savepack | 正在保存文件：res://Sprites/All_Icons/Large Blue Potion.png.import
[  41% ] savepack | 正在保存文件：res://.godot/imported/Large Green Potion.png-457c831703f01033a5edf548050d3daa.ctex
[  41% ] savepack | 正在保存文件：res://Sprites/All_Icons/Large Green Potion.png.import
[  41% ] savepack | 正在保存文件：res://.godot/imported/Large Pink Potion.png-0811e44546d0198a707cc2e701236962.ctex
[  41% ] savepack | 正在保存文件：res://Sprites/All_Icons/Large Pink Potion.png.import
[  41% ] savepack | 正在保存文件：res://.godot/imported/Large Red Potion.png-18b49dcbc6434893af5fc91a19b0997f.ctex
[  41% ] savepack | 正在保存文件：res://Sprites/All_Icons/Large Red Potion.png.import
[  41% ] savepack | 正在保存文件：res://.godot/imported/Large Ruby Potion.png-d67c7094382742296ab43e13e946828c.ctex
[  41% ] savepack | 正在保存文件：res://Sprites/All_Icons/Large Ruby Potion.png.import
[  41% ] savepack | 正在保存文件：res://.godot/imported/Laser Pistol.png-618f8e1e7eaebb67aa9a94a247f4bcb4.ctex
[  41% ] savepack | 正在保存文件：res://Sprites/All_Icons/Laser Pistol.png.import
[  41% ] savepack | 正在保存文件：res://.godot/imported/Laser Rifle Blue.png-7415b75c3d6e26a4f032bbc38b0019a6.ctex
[  41% ] savepack | 正在保存文件：res://Sprites/All_Icons/Laser Rifle Blue.png.import
[  41% ] savepack | 正在保存文件：res://.godot/imported/Laser Rifle Pink.png-838ef4bf2e478ee16af54b4ceaeda2b5.ctex
[  41% ] savepack | 正在保存文件：res://Sprites/All_Icons/Laser Rifle Pink.png.import
[  41% ] savepack | 正在保存文件：res://.godot/imported/Lasergrab Tool.png-3f6d1bcb88ecd777a074f3495fac644a.ctex
[  41% ] savepack | 正在保存文件：res://Sprites/All_Icons/Lasergrab Tool.png.import
[  41% ] savepack | 正在保存文件：res://.godot/imported/Laserpointer.png-5e79222ffb726fe92af121ea6a8e2b54.ctex
[  41% ] savepack | 正在保存文件：res://Sprites/All_Icons/Laserpointer.png.import
[  41% ] savepack | 正在保存文件：res://.godot/imported/Lifeform Scanner1.png-c830cd24587a8d9387dd0226449709df.ctex
[  41% ] savepack | 正在保存文件：res://Sprites/All_Icons/Lifeform Scanner1.png.import
[  42% ] savepack | 正在保存文件：res://.godot/imported/Lifeformscanner2.png-18e38eeadba6459533b3cf8064bac546.ctex
[  42% ] savepack | 正在保存文件：res://Sprites/All_Icons/Lifeformscanner2.png.import
[  42% ] savepack | 正在保存文件：res://.godot/imported/Light Crystal.png-06713f7d7907f6b05d0447200ab8a284.ctex
[  42% ] savepack | 正在保存文件：res://Sprites/All_Icons/Light Crystal.png.import
[  42% ] savepack | 正在保存文件：res://.godot/imported/Light Ring.png-2a89c2184430f9877806a484bf1239c4.ctex
[  42% ] savepack | 正在保存文件：res://Sprites/All_Icons/Light Ring.png.import
[  42% ] savepack | 正在保存文件：res://.godot/imported/Light Star Shards.png-29036aa5c1aaf4638fe5af9874f55fd6.ctex
[  42% ] savepack | 正在保存文件：res://Sprites/All_Icons/Light Star Shards.png.import
[  42% ] savepack | 正在保存文件：res://.godot/imported/Lightning Icon.png-29e750620635cbed7dd2d13890200a26.ctex
[  42% ] savepack | 正在保存文件：res://Sprites/All_Icons/Lightning Icon.png.import
[  42% ] savepack | 正在保存文件：res://.godot/imported/Liquid Irrite Spray.png-f1b490eefd0c5988ffb917b43e599d18.ctex
[  42% ] savepack | 正在保存文件：res://Sprites/All_Icons/Liquid Irrite Spray.png.import
[  42% ] savepack | 正在保存文件：res://.godot/imported/Luminite Bar.png-223d94fc009ce31f5dbe2978081c05cb.ctex
[  42% ] savepack | 正在保存文件：res://Sprites/All_Icons/Luminite Bar.png.import
[  42% ] savepack | 正在保存文件：res://.godot/imported/Luminite Meteor.png-991eeef4445dad6456ecf1c45580a857.ctex
[  42% ] savepack | 正在保存文件：res://Sprites/All_Icons/Luminite Meteor.png.import
[  42% ] savepack | 正在保存文件：res://.godot/imported/Luminite Ore.png-b42ad481d6aacca0595fe14b9f46cf80.ctex
[  42% ] savepack | 正在保存文件：res://Sprites/All_Icons/Luminite Ore.png.import
[  42% ] savepack | 正在保存文件：res://.godot/imported/Machine Claw.png-48c194e21d4dfd1a8ace5f6bd3599b27.ctex
[  42% ] savepack | 正在保存文件：res://Sprites/All_Icons/Machine Claw.png.import
[  42% ] savepack | 正在保存文件：res://.godot/imported/Magmarite Bar.png-c9f6e52f972d9402d46b7e429cd5ece8.ctex
[  42% ] savepack | 正在保存文件：res://Sprites/All_Icons/Magmarite Bar.png.import
[  42% ] savepack | 正在保存文件：res://.godot/imported/Magmarite Cell.png-2d89b7f55c45bf264dca51012575cd9c.ctex
[  42% ] savepack | 正在保存文件：res://Sprites/All_Icons/Magmarite Cell.png.import
[  42% ] savepack | 正在保存文件：res://.godot/imported/Med Armor.png-896faf4a02c2e2601f5e9621b0f3c9e2.ctex
[  42% ] savepack | 正在保存文件：res://Sprites/All_Icons/Med Armor.png.import
[  42% ] savepack | 正在保存文件：res://.godot/imported/Med Helmet.png-e3f9db1e6d95470e095e7d8a53daa803.ctex
[  42% ] savepack | 正在保存文件：res://Sprites/All_Icons/Med Helmet.png.import
[  43% ] savepack | 正在保存文件：res://.godot/imported/Med Shield.png-98a0a40f7edee153beec2f77e24144de.ctex
[  43% ] savepack | 正在保存文件：res://Sprites/All_Icons/Med Shield.png.import
[  43% ] savepack | 正在保存文件：res://.godot/imported/Medkit.png-16a064b848de52a0075fccf282fe615c.ctex
[  43% ] savepack | 正在保存文件：res://Sprites/All_Icons/Medkit.png.import
[  43% ] savepack | 正在保存文件：res://.godot/imported/Metal Bar.png-b1534a3ce8e4ca72c9ece210ddf98d6b.ctex
[  43% ] savepack | 正在保存文件：res://Sprites/All_Icons/Metal Bar.png.import
[  43% ] savepack | 正在保存文件：res://.godot/imported/Metal Crate.png-b1686294e5d0c70bf630b09a1e72ca9c.ctex
[  43% ] savepack | 正在保存文件：res://Sprites/All_Icons/Metal Crate.png.import
[  43% ] savepack | 正在保存文件：res://.godot/imported/Metal Gloves.png-50997e4cc6f6e90dbd359ae765ab4e1e.ctex
[  43% ] savepack | 正在保存文件：res://Sprites/All_Icons/Metal Gloves.png.import
[  43% ] savepack | 正在保存文件：res://.godot/imported/Metal Helmet.png-1a2656b90471c51e12f0d89c5d798ad1.ctex
[  43% ] savepack | 正在保存文件：res://Sprites/All_Icons/Metal Helmet.png.import
[  43% ] savepack | 正在保存文件：res://.godot/imported/Metal Plating.png-a77a9b4b6b8f1dba4207f48c984261eb.ctex
[  43% ] savepack | 正在保存文件：res://Sprites/All_Icons/Metal Plating.png.import
[  43% ] savepack | 正在保存文件：res://.godot/imported/Metal Round Helmet.png-e64e4d71b6817d06a1f6b57592578bfe.ctex
[  43% ] savepack | 正在保存文件：res://Sprites/All_Icons/Metal Round Helmet.png.import
[  43% ] savepack | 正在保存文件：res://.godot/imported/Metal Shield.png-eb58633ae7159b68862602dbf03cc8c3.ctex
[  43% ] savepack | 正在保存文件：res://Sprites/All_Icons/Metal Shield.png.import
[  43% ] savepack | 正在保存文件：res://.godot/imported/Metaljunk Helmet.png-a0b1e04d75bef6b5f6565bd9be8a1140.ctex
[  43% ] savepack | 正在保存文件：res://Sprites/All_Icons/Metaljunk Helmet.png.import
[  43% ] savepack | 正在保存文件：res://.godot/imported/Meteorite Chunks.png-9e352ae472a05c89f86da8b86895d02f.ctex
[  43% ] savepack | 正在保存文件：res://Sprites/All_Icons/Meteorite Chunks.png.import
[  43% ] savepack | 正在保存文件：res://.godot/imported/Meter.png-a4cdbc121efaa7b0ae419a4d7bc34908.ctex
[  43% ] savepack | 正在保存文件：res://Sprites/All_Icons/Meter.png.import
[  43% ] savepack | 正在保存文件：res://.godot/imported/Monster Eye.png-93fa8c50ab8e8058fcb79a4674a46d47.ctex
[  43% ] savepack | 正在保存文件：res://Sprites/All_Icons/Monster Eye.png.import
[  44% ] savepack | 正在保存文件：res://.godot/imported/Monster Guts.png-56e6adbb1896d98b542018e2d6001e4c.ctex
[  44% ] savepack | 正在保存文件：res://Sprites/All_Icons/Monster Guts.png.import
[  44% ] savepack | 正在保存文件：res://.godot/imported/Monster Tongue.png-d06dcd0c22236f3b3e63c53ecff248f1.ctex
[  44% ] savepack | 正在保存文件：res://Sprites/All_Icons/Monster Tongue.png.import
[  44% ] savepack | 正在保存文件：res://.godot/imported/Neon Chest Blue.png-79233128e86d536c3edfe173164b470e.ctex
[  44% ] savepack | 正在保存文件：res://Sprites/All_Icons/Neon Chest Blue.png.import
[  44% ] savepack | 正在保存文件：res://.godot/imported/Neon Claw.png-08fe1c0c24853c67ae348dfc24f128e8.ctex
[  44% ] savepack | 正在保存文件：res://Sprites/All_Icons/Neon Claw.png.import
[  44% ] savepack | 正在保存文件：res://.godot/imported/Nitro Can.png-3c39ef0d35c9f43f6ad2f26fdf681ae5.ctex
[  44% ] savepack | 正在保存文件：res://Sprites/All_Icons/Nitro Can.png.import
[  44% ] savepack | 正在保存文件：res://.godot/imported/Nut.png-0102e01c8f6bfc768f65a885a76bf341.ctex
[  44% ] savepack | 正在保存文件：res://Sprites/All_Icons/Nut.png.import
[  44% ] savepack | 正在保存文件：res://.godot/imported/Old Gas Canister.png-461b1b290933f6092cbfa4d1f82b734f.ctex
[  44% ] savepack | 正在保存文件：res://Sprites/All_Icons/Old Gas Canister.png.import
[  44% ] savepack | 正在保存文件：res://.godot/imported/Old Tech.png-00a662811dfe20af3bac4896a34404f1.ctex
[  44% ] savepack | 正在保存文件：res://Sprites/All_Icons/Old Tech.png.import
[  44% ] savepack | 正在保存文件：res://.godot/imported/Onyx Bar.png-91a5470804202398ec17eac78a78ce95.ctex
[  44% ] savepack | 正在保存文件：res://Sprites/All_Icons/Onyx Bar.png.import
[  44% ] savepack | 正在保存文件：res://.godot/imported/Onyx Big Blade.png-9a68c9ab28944c3e288c8d28ccdd22c8.ctex
[  44% ] savepack | 正在保存文件：res://Sprites/All_Icons/Onyx Big Blade.png.import
[  44% ] savepack | 正在保存文件：res://.godot/imported/Onyx Blade.png-f87a72ee2ae31186811f484e39bf6abb.ctex
[  44% ] savepack | 正在保存文件：res://Sprites/All_Icons/Onyx Blade.png.import
[  44% ] savepack | 正在保存文件：res://.godot/imported/Onyx Bullet.png-42d2ad6ead389a66167c628682442c54.ctex
[  44% ] savepack | 正在保存文件：res://Sprites/All_Icons/Onyx Bullet.png.import
[  44% ] savepack | 正在保存文件：res://.godot/imported/Onyx Corner Potion.png-4b7b6e40880751cf56bb28e4e9974588.ctex
[  44% ] savepack | 正在保存文件：res://Sprites/All_Icons/Onyx Corner Potion.png.import
[  44% ] savepack | 正在保存文件：res://.godot/imported/Onyx Crystal.png-620d91d441251651fcb8b14892765ba9.ctex
[  44% ] savepack | 正在保存文件：res://Sprites/All_Icons/Onyx Crystal.png.import
[  45% ] savepack | 正在保存文件：res://.godot/imported/Onyx Cube.png-ef1b67994d1ef17e549de410d861db84.ctex
[  45% ] savepack | 正在保存文件：res://Sprites/All_Icons/Onyx Cube.png.import
[  45% ] savepack | 正在保存文件：res://.godot/imported/Onyx Meteorite Shards.png-4311efc9cdf7fd8fe4857439e43b267c.ctex
[  45% ] savepack | 正在保存文件：res://Sprites/All_Icons/Onyx Meteorite Shards.png.import
[  45% ] savepack | 正在保存文件：res://.godot/imported/Onyx Ore.png-17abf8c66fc7daa001e83f136bb1f9b4.ctex
[  45% ] savepack | 正在保存文件：res://Sprites/All_Icons/Onyx Ore.png.import
[  45% ] savepack | 正在保存文件：res://.godot/imported/Onyx Ring.png-fbd2dad3bab7c46afa39d4257ee41a33.ctex
[  45% ] savepack | 正在保存文件：res://Sprites/All_Icons/Onyx Ring.png.import
[  45% ] savepack | 正在保存文件：res://.godot/imported/Onyx Star Shards.png-b08d1a246df3fe1e13571ead480275dd.ctex
[  45% ] savepack | 正在保存文件：res://Sprites/All_Icons/Onyx Star Shards.png.import
[  45% ] savepack | 正在保存文件：res://.godot/imported/Onyx Starcrystal.png-593fec82c0b4bcbb062b157826192cc4.ctex
[  45% ] savepack | 正在保存文件：res://Sprites/All_Icons/Onyx Starcrystal.png.import
[  45% ] savepack | 正在保存文件：res://.godot/imported/Onyx Sword.png-1f36b5c59e189c5bb9b2548135d77831.ctex
[  45% ] savepack | 正在保存文件：res://Sprites/All_Icons/Onyx Sword.png.import
[  45% ] savepack | 正在保存文件：res://.godot/imported/Onyx Visor Helmet.png-507db9e30198133571f7acbae2e30485.ctex
[  45% ] savepack | 正在保存文件：res://Sprites/All_Icons/Onyx Visor Helmet.png.import
[  45% ] savepack | 正在保存文件：res://.godot/imported/Orange Bacteria.png-8d21b7a064571009744239c07cce22a7.ctex
[  45% ] savepack | 正在保存文件：res://Sprites/All_Icons/Orange Bacteria.png.import
[  45% ] savepack | 正在保存文件：res://.godot/imported/Orange Berries.png-18344bcad929e397e020d762af4c9c0b.ctex
[  45% ] savepack | 正在保存文件：res://Sprites/All_Icons/Orange Berries.png.import
[  45% ] savepack | 正在保存文件：res://.godot/imported/Orange Cell.png-72b9a86f6c54dbd816b07e8a1442a0ff.ctex
[  45% ] savepack | 正在保存文件：res://Sprites/All_Icons/Orange Cell.png.import
[  45% ] savepack | 正在保存文件：res://.godot/imported/Orange Chip.png-ff441484b8a68f280ccb3914317b4d75.ctex
[  45% ] savepack | 正在保存文件：res://Sprites/All_Icons/Orange Chip.png.import
[  45% ] savepack | 正在保存文件：res://.godot/imported/Orange Core.png-60446190eee7687f50df78c2cf273f07.ctex
[  45% ] savepack | 正在保存文件：res://Sprites/All_Icons/Orange Core.png.import
[  46% ] savepack | 正在保存文件：res://.godot/imported/Orange Corner Potion.png-5a1da4be9cc3830c0f3b955730db80ac.ctex
[  46% ] savepack | 正在保存文件：res://Sprites/All_Icons/Orange Corner Potion.png.import
[  46% ] savepack | 正在保存文件：res://.godot/imported/Orange Crystal.png-3575163740cbabd691289b2f32d1e04e.ctex
[  46% ] savepack | 正在保存文件：res://Sprites/All_Icons/Orange Crystal.png.import
[  46% ] savepack | 正在保存文件：res://.godot/imported/Orange Data Ring.png-f757b06e9ff9ac4fc556c29bb6de9286.ctex
[  46% ] savepack | 正在保存文件：res://Sprites/All_Icons/Orange Data Ring.png.import
[  46% ] savepack | 正在保存文件：res://.godot/imported/Orange Datachip.png-b75a61b8d8aa881e8eb6c145d4be29b8.ctex
[  46% ] savepack | 正在保存文件：res://Sprites/All_Icons/Orange Datachip.png.import
[  46% ] savepack | 正在保存文件：res://.godot/imported/Orange Drill.png-26ffea755647ae24c5ec0125887ead1f.ctex
[  46% ] savepack | 正在保存文件：res://Sprites/All_Icons/Orange Drill.png.import
[  46% ] savepack | 正在保存文件：res://.godot/imported/Orange Gatler.png-78ba07f89d511111d3aa83892aaa4334.ctex
[  46% ] savepack | 正在保存文件：res://Sprites/All_Icons/Orange Gatler.png.import
[  46% ] savepack | 正在保存文件：res://.godot/imported/Orange Gloves.png-3cb2a985ca49564ebf73277165b752c9.ctex
[  46% ] savepack | 正在保存文件：res://Sprites/All_Icons/Orange Gloves.png.import
[  46% ] savepack | 正在保存文件：res://.godot/imported/Orange Lined Jetpack.png-1a6ecfd4c957c8ee15876aacdb9164c1.ctex
[  46% ] savepack | 正在保存文件：res://Sprites/All_Icons/Orange Lined Jetpack.png.import
[  46% ] savepack | 正在保存文件：res://.godot/imported/Orange Meter Tool.png-750a459bf1a56becdbbbb8e649276260.ctex
[  46% ] savepack | 正在保存文件：res://Sprites/All_Icons/Orange Meter Tool.png.import
[  46% ] savepack | 正在保存文件：res://.godot/imported/Orange Necklace.png-711daec1183af0ea3570578c72cc586e.ctex
[  46% ] savepack | 正在保存文件：res://Sprites/All_Icons/Orange Necklace.png.import
[  46% ] savepack | 正在保存文件：res://.godot/imported/Orange Neon Boots.png-261947bf89b43c0ea34ebb60334caeca.ctex
[  46% ] savepack | 正在保存文件：res://Sprites/All_Icons/Orange Neon Boots.png.import
[  46% ] savepack | 正在保存文件：res://.godot/imported/Orange Power Orb.png-b95cf6111a36c77543993f16b084f510.ctex
[  46% ] savepack | 正在保存文件：res://Sprites/All_Icons/Orange Power Orb.png.import
[  46% ] savepack | 正在保存文件：res://.godot/imported/Orange Shovel.png-7d8bea68f71ebfe1fc82aa08c703b7e0.ctex
[  46% ] savepack | 正在保存文件：res://Sprites/All_Icons/Orange Shovel.png.import
[  46% ] savepack | 正在保存文件：res://.godot/imported/Orange Space Helmet.png-2f131d1641259e9b37002f600b859be0.ctex
[  46% ] savepack | 正在保存文件：res://Sprites/All_Icons/Orange Space Helmet.png.import
[  47% ] savepack | 正在保存文件：res://.godot/imported/Orange Specs.png-66c2302a7805637f5ac070d53d44a36a.ctex
[  47% ] savepack | 正在保存文件：res://Sprites/All_Icons/Orange Specs.png.import
[  47% ] savepack | 正在保存文件：res://.godot/imported/Orange Spike Blade.png-db0179ed678d4a9a83725b385d0c6715.ctex
[  47% ] savepack | 正在保存文件：res://Sprites/All_Icons/Orange Spike Blade.png.import
[  47% ] savepack | 正在保存文件：res://.godot/imported/Orange Star Shards.png-abbeeabe89e533062fa178f30487bf1a.ctex
[  47% ] savepack | 正在保存文件：res://Sprites/All_Icons/Orange Star Shards.png.import
[  47% ] savepack | 正在保存文件：res://.godot/imported/Orange Sword.png-aaf077b7a79451b1893ce220132c4515.ctex
[  47% ] savepack | 正在保存文件：res://Sprites/All_Icons/Orange Sword.png.import
[  47% ] savepack | 正在保存文件：res://.godot/imported/Orange Visor Helmet.png-b570eaaee7889443db153653ce3832a5.ctex
[  47% ] savepack | 正在保存文件：res://Sprites/All_Icons/Orange Visor Helmet.png.import
[  47% ] savepack | 正在保存文件：res://.godot/imported/Ore Junk.png-3e10a8643b4b43426a0e23fd06aeeac2.ctex
[  47% ] savepack | 正在保存文件：res://Sprites/All_Icons/Ore Junk.png.import
[  47% ] savepack | 正在保存文件：res://.godot/imported/Pills1.png-2c4406d226c3cb031442527b566ecb39.ctex
[  47% ] savepack | 正在保存文件：res://Sprites/All_Icons/Pills1.png.import
[  47% ] savepack | 正在保存文件：res://.godot/imported/Pills2.png-bf9b4e81f65c9311ea47af9cb1d16225.ctex
[  47% ] savepack | 正在保存文件：res://Sprites/All_Icons/Pills2.png.import
[  47% ] savepack | 正在保存文件：res://.godot/imported/Pills3.png-f2e4b20d393e570f56c01a09a3cb40f9.ctex
[  47% ] savepack | 正在保存文件：res://Sprites/All_Icons/Pills3.png.import
[  47% ] savepack | 正在保存文件：res://.godot/imported/Pink Bacteria.png-f314b98c44bb5dc55e692d1629d98780.ctex
[  47% ] savepack | 正在保存文件：res://Sprites/All_Icons/Pink Bacteria.png.import
[  47% ] savepack | 正在保存文件：res://.godot/imported/Pink Cell.png-b0c4aa517b8603187b44b9254edbbff8.ctex
[  47% ] savepack | 正在保存文件：res://Sprites/All_Icons/Pink Cell.png.import
[  47% ] savepack | 正在保存文件：res://.godot/imported/Pink Clawhand.png-8cf7c9b40ea7c0a42d19611da4cf6bdf.ctex
[  47% ] savepack | 正在保存文件：res://Sprites/All_Icons/Pink Clawhand.png.import
[  47% ] savepack | 正在保存文件：res://.godot/imported/Pink Core.png-e0c0a83e2a3354deaf646c115a3470ea.ctex
[  47% ] savepack | 正在保存文件：res://Sprites/All_Icons/Pink Core.png.import
[  48% ] savepack | 正在保存文件：res://.godot/imported/Pink Crystal.png-6f2a6c0a86e1fcca65d3ceea04cfe845.ctex
[  48% ] savepack | 正在保存文件：res://Sprites/All_Icons/Pink Crystal.png.import
[  48% ] savepack | 正在保存文件：res://.godot/imported/Pink Gatler.png-047a5a4550e40c37439277df91a51337.ctex
[  48% ] savepack | 正在保存文件：res://Sprites/All_Icons/Pink Gatler.png.import
[  48% ] savepack | 正在保存文件：res://.godot/imported/Pink Gloves.png-491aedd23175917424e3c9960105bd85.ctex
[  48% ] savepack | 正在保存文件：res://Sprites/All_Icons/Pink Gloves.png.import
[  48% ] savepack | 正在保存文件：res://.godot/imported/Pink Glowstick.png-6b2934f2e4e8d8db57c585a6b2930ffd.ctex
[  48% ] savepack | 正在保存文件：res://Sprites/All_Icons/Pink Glowstick.png.import
[  48% ] savepack | 正在保存文件：res://.godot/imported/Pink Heart Crystal.png-21d2b07c15153bff473a806e703d1ef3.ctex
[  48% ] savepack | 正在保存文件：res://Sprites/All_Icons/Pink Heart Crystal.png.import
[  48% ] savepack | 正在保存文件：res://.godot/imported/Pink Meter Tool.png-cb0f8885c4520ce4d33e1ff9e683fea9.ctex
[  48% ] savepack | 正在保存文件：res://Sprites/All_Icons/Pink Meter Tool.png.import
[  48% ] savepack | 正在保存文件：res://.godot/imported/Pink Neon Bullet.png-06028a687344d68b68217fc43da1700c.ctex
[  48% ] savepack | 正在保存文件：res://Sprites/All_Icons/Pink Neon Bullet.png.import
[  48% ] savepack | 正在保存文件：res://.godot/imported/Pink Neon Claw.png-45b245841f0ffce45f6f5d19ff6c348d.ctex
[  48% ] savepack | 正在保存文件：res://Sprites/All_Icons/Pink Neon Claw.png.import
[  48% ] savepack | 正在保存文件：res://.godot/imported/Pink Neon Jetpack.png-1122d68cf547c825722c6623e885f4a5.ctex
[  48% ] savepack | 正在保存文件：res://Sprites/All_Icons/Pink Neon Jetpack.png.import
[  48% ] savepack | 正在保存文件：res://.godot/imported/Pink Neon Shield.png-d7597fb916985d4527623b0d667b2b09.ctex
[  48% ] savepack | 正在保存文件：res://Sprites/All_Icons/Pink Neon Shield.png.import
[  48% ] savepack | 正在保存文件：res://.godot/imported/Pink Night Visor.png-486e91e086b8a39c3918293c7ebdd4d3.ctex
[  48% ] savepack | 正在保存文件：res://Sprites/All_Icons/Pink Night Visor.png.import
[  48% ] savepack | 正在保存文件：res://.godot/imported/Pink Pickaxe.png-e4778f89bcf66e0108bd5b4f2b30c149.ctex
[  48% ] savepack | 正在保存文件：res://Sprites/All_Icons/Pink Pickaxe.png.import
[  48% ] savepack | 正在保存文件：res://.godot/imported/Pink Space Berry.png-a16e1994e6fbd3f0591902218c262862.ctex
[  48% ] savepack | 正在保存文件：res://Sprites/All_Icons/Pink Space Berry.png.import
[  48% ] savepack | 正在保存文件：res://.godot/imported/Pink Space Helmet.png-e8c86e55ff4bcbe091ee18dee2d3f8b6.ctex
[  48% ] savepack | 正在保存文件：res://Sprites/All_Icons/Pink Space Helmet.png.import
[  49% ] savepack | 正在保存文件：res://.godot/imported/Pink Specs.png-76ca950acd880420d1352915c55fb85e.ctex
[  49% ] savepack | 正在保存文件：res://Sprites/All_Icons/Pink Specs.png.import
[  49% ] savepack | 正在保存文件：res://.godot/imported/Pink Star Shards.png-ba5ec98430fb6b34ea665eb5fc919f1a.ctex
[  49% ] savepack | 正在保存文件：res://Sprites/All_Icons/Pink Star Shards.png.import
[  49% ] savepack | 正在保存文件：res://.godot/imported/Pink Starcrystal.png-fb9e4f70f9a2d5edf053831c654975ea.ctex
[  49% ] savepack | 正在保存文件：res://Sprites/All_Icons/Pink Starcrystal.png.import
[  49% ] savepack | 正在保存文件：res://.godot/imported/Pink Syringe.png-17ec15ce3145cb2df62bb019addaaa65.ctex
[  49% ] savepack | 正在保存文件：res://Sprites/All_Icons/Pink Syringe.png.import
[  49% ] savepack | 正在保存文件：res://.godot/imported/Pink Tank Helmet.png-740e500098d676a9ef41fa4ddaf92440.ctex
[  49% ] savepack | 正在保存文件：res://Sprites/All_Icons/Pink Tank Helmet.png.import
[  49% ] savepack | 正在保存文件：res://.godot/imported/Pink Visor Helmet.png-f4bdddb5c607e4ac4c0ef4d7e76f4712.ctex
[  49% ] savepack | 正在保存文件：res://Sprites/All_Icons/Pink Visor Helmet.png.import
[  49% ] savepack | 正在保存文件：res://.godot/imported/Pixel.png-1be627de9d631cd4146b53f28e9f8b11.ctex
[  49% ] savepack | 正在保存文件：res://Sprites/All_Icons/Pixel.png.import
[  49% ] savepack | 正在保存文件：res://.godot/imported/Pocket Data.png-83ebe6c691a1e8fbbb3e6f66ce0f1131.ctex
[  49% ] savepack | 正在保存文件：res://Sprites/All_Icons/Pocket Data.png.import
[  49% ] savepack | 正在保存文件：res://.godot/imported/Poison Gatler.png-90e8969d13a40837e026a748a2798942.ctex
[  49% ] savepack | 正在保存文件：res://Sprites/All_Icons/Poison Gatler.png.import
[  49% ] savepack | 正在保存文件：res://.godot/imported/Poison Spray.png-a20b4b3f87a038a3deb9dcfb642328ba.ctex
[  49% ] savepack | 正在保存文件：res://Sprites/All_Icons/Poison Spray.png.import
[  49% ] savepack | 正在保存文件：res://.godot/imported/Powercell.png-b546d37fca7a5db53088ffd6f86d18b8.ctex
[  49% ] savepack | 正在保存文件：res://Sprites/All_Icons/Powercell.png.import
[  49% ] savepack | 正在保存文件：res://.godot/imported/Protector Shield.png-6eb3e649d3f3d017a99e2423017a20b0.ctex
[  49% ] savepack | 正在保存文件：res://Sprites/All_Icons/Protector Shield.png.import
[  49% ] savepack | 正在保存文件：res://.godot/imported/Purple Ammo.png-7a312dbf41b0f9acd8889afee10ec313.ctex
[  49% ] savepack | 正在保存文件：res://Sprites/All_Icons/Purple Ammo.png.import
[  50% ] savepack | 正在保存文件：res://.godot/imported/Purple Boots.png-27079aca63289a0c9b8097f4b5c7f888.ctex
[  50% ] savepack | 正在保存文件：res://Sprites/All_Icons/Purple Boots.png.import
[  50% ] savepack | 正在保存文件：res://.godot/imported/Purple Brain.png-1ff387ae9c90dbbbe013e4aff35cfe5e.ctex
[  50% ] savepack | 正在保存文件：res://Sprites/All_Icons/Purple Brain.png.import
[  50% ] savepack | 正在保存文件：res://.godot/imported/Purple Cosmic Blade.png-62316f7bfe2f79b8660bdd4a33ca8813.ctex
[  50% ] savepack | 正在保存文件：res://Sprites/All_Icons/Purple Cosmic Blade.png.import
[  50% ] savepack | 正在保存文件：res://.godot/imported/Purple Cosmic Ring.png-32edc9ccacba1885651be6474e33a04d.ctex
[  50% ] savepack | 正在保存文件：res://Sprites/All_Icons/Purple Cosmic Ring.png.import
[  50% ] savepack | 正在保存文件：res://.godot/imported/Purple Gatler.png-8ff5e9c5af3fa1665b75e184b4d64fe4.ctex
[  50% ] savepack | 正在保存文件：res://Sprites/All_Icons/Purple Gatler.png.import
[  50% ] savepack | 正在保存文件：res://.godot/imported/Purple Grenade.png-a7101273300cc1ec1ae32bb2b1883a65.ctex
[  50% ] savepack | 正在保存文件：res://Sprites/All_Icons/Purple Grenade.png.import
[  50% ] savepack | 正在保存文件：res://.godot/imported/Purple Jetpack.png-62ef9ce5b4c1301744689c1681ddbdc4.ctex
[  50% ] savepack | 正在保存文件：res://Sprites/All_Icons/Purple Jetpack.png.import
[  50% ] savepack | 正在保存文件：res://.godot/imported/Purple Necklace.png-31fa9f7faef29a4b8356cd012249b90f.ctex
[  50% ] savepack | 正在保存文件：res://Sprites/All_Icons/Purple Necklace.png.import
[  50% ] savepack | 正在保存文件：res://.godot/imported/Purple Spiked Chest.png-8805d0aba8381e5b08a5343e13005992.ctex
[  50% ] savepack | 正在保存文件：res://Sprites/All_Icons/Purple Spiked Chest.png.import
[  50% ] savepack | 正在保存文件：res://.godot/imported/Purple Starcrystal.png-bbbd6ccc51f4f6fd673eec9879f832e9.ctex
[  50% ] savepack | 正在保存文件：res://Sprites/All_Icons/Purple Starcrystal.png.import
[  50% ] savepack | 正在保存文件：res://.godot/imported/Purple Sword Ring.png-c318112731d9ef773609f19eb61536b5.ctex
[  50% ] savepack | 正在保存文件：res://Sprites/All_Icons/Purple Sword Ring.png.import
[  50% ] savepack | 正在保存文件：res://.godot/imported/Purple Tentacle.png-826c0d02652f95407e197cfc4ef0ca5d.ctex
[  50% ] savepack | 正在保存文件：res://Sprites/All_Icons/Purple Tentacle.png.import
[  50% ] savepack | 正在保存文件：res://.godot/imported/Raw Uranium.png-6fff0287855dd3bb43b76c673c1ceed4.ctex
[  50% ] savepack | 正在保存文件：res://Sprites/All_Icons/Raw Uranium.png.import
[  51% ] savepack | 正在保存文件：res://.godot/imported/Red Axe.png-e27a550db3116bcefc2a58a1553b39e8.ctex
[  51% ] savepack | 正在保存文件：res://Sprites/All_Icons/Red Axe.png.import
[  51% ] savepack | 正在保存文件：res://.godot/imported/Red Bacteria.png-d42c9cd1df0d996168f8f8e4a4d59659.ctex
[  51% ] savepack | 正在保存文件：res://Sprites/All_Icons/Red Bacteria.png.import
[  51% ] savepack | 正在保存文件：res://.godot/imported/Red Berries.png-6c67856d82831c6ca12801932fae1996.ctex
[  51% ] savepack | 正在保存文件：res://Sprites/All_Icons/Red Berries.png.import
[  51% ] savepack | 正在保存文件：res://.godot/imported/Red Boots.png-33837a706257b9a0534398631aea3fff.ctex
[  51% ] savepack | 正在保存文件：res://Sprites/All_Icons/Red Boots.png.import
[  51% ] savepack | 正在保存文件：res://.godot/imported/Red Box.png-7f0424f8d6c7573acac6f513368fc7a6.ctex
[  51% ] savepack | 正在保存文件：res://Sprites/All_Icons/Red Box.png.import
[  51% ] savepack | 正在保存文件：res://.godot/imported/Red Button.png-02c0511a0061f3a7e1bdc83d0de5ff5a.ctex
[  51% ] savepack | 正在保存文件：res://Sprites/All_Icons/Red Button.png.import
[  51% ] savepack | 正在保存文件：res://.godot/imported/Red Chest.png-928099e6a589fa18dce9b47a75ecba0c.ctex
[  51% ] savepack | 正在保存文件：res://Sprites/All_Icons/Red Chest.png.import
[  51% ] savepack | 正在保存文件：res://.godot/imported/Red Circuit.png-e73893e1480df76887e54f889ea8164c.ctex
[  51% ] savepack | 正在保存文件：res://Sprites/All_Icons/Red Circuit.png.import
[  51% ] savepack | 正在保存文件：res://.godot/imported/Red Conveyor Belt.png-7841274eac1c9f2dbf2ecad4019a0d9e.ctex
[  51% ] savepack | 正在保存文件：res://Sprites/All_Icons/Red Conveyor Belt.png.import
[  51% ] savepack | 正在保存文件：res://.godot/imported/Red Corner potion.png-aa9e45244ec6bb71054fbe827d739e03.ctex
[  51% ] savepack | 正在保存文件：res://Sprites/All_Icons/Red Corner potion.png.import
[  51% ] savepack | 正在保存文件：res://.godot/imported/Red Cosmic Ring.png-0d90c6d26896837c3c4ba7e18a1f1924.ctex
[  51% ] savepack | 正在保存文件：res://Sprites/All_Icons/Red Cosmic Ring.png.import
[  51% ] savepack | 正在保存文件：res://.godot/imported/Red Crate.png-44c29bdf394182ac0ef4a1d981015a53.ctex
[  51% ] savepack | 正在保存文件：res://Sprites/All_Icons/Red Crate.png.import
[  51% ] savepack | 正在保存文件：res://.godot/imported/Red Cyber Helmet.png-16deacf01a2272542f496fbee8e994da.ctex
[  51% ] savepack | 正在保存文件：res://Sprites/All_Icons/Red Cyber Helmet.png.import
[  51% ] savepack | 正在保存文件：res://.godot/imported/Red Dark Helmet.png-cad90ed52077f7ead800dad7d48c9abc.ctex
[  51% ] savepack | 正在保存文件：res://Sprites/All_Icons/Red Dark Helmet.png.import
[  52% ] savepack | 正在保存文件：res://.godot/imported/Red Data Ring.png-00e403b601f25085b94d8826d77d4e61.ctex
[  52% ] savepack | 正在保存文件：res://Sprites/All_Icons/Red Data Ring.png.import
[  52% ] savepack | 正在保存文件：res://.godot/imported/Red Gas Canister.png-4f642f8ce91edeb464b07c12c1483494.ctex
[  52% ] savepack | 正在保存文件：res://Sprites/All_Icons/Red Gas Canister.png.import
[  52% ] savepack | 正在保存文件：res://.godot/imported/Red Gatler.png-d31cdc6c21bfc3b8a51c78f097d8b00c.ctex
[  52% ] savepack | 正在保存文件：res://Sprites/All_Icons/Red Gatler.png.import
[  52% ] savepack | 正在保存文件：res://.godot/imported/Red Heart Crystal.png-a76e863027c113b89fa9252d614f7956.ctex
[  52% ] savepack | 正在保存文件：res://Sprites/All_Icons/Red Heart Crystal.png.import
[  52% ] savepack | 正在保存文件：res://.godot/imported/Red Skull.png-7339d49dd857804c5e689deef3b88a20.ctex
[  52% ] savepack | 正在保存文件：res://Sprites/All_Icons/Red Skull.png.import
[  52% ] savepack | 正在保存文件：res://.godot/imported/Red Spiked Chest.png-8471b42c729d013fce5531a3ffa5712c.ctex
[  52% ] savepack | 正在保存文件：res://Sprites/All_Icons/Red Spiked Chest.png.import
[  52% ] savepack | 正在保存文件：res://.godot/imported/Red Sword Ring.png-884baf00853c8237afd8bd1808e2293b.ctex
[  52% ] savepack | 正在保存文件：res://Sprites/All_Icons/Red Sword Ring.png.import
[  52% ] savepack | 正在保存文件：res://.godot/imported/Red Syringe.png-b8da0149e769396a50a3b7ec38fbe2df.ctex
[  52% ] savepack | 正在保存文件：res://Sprites/All_Icons/Red Syringe.png.import
[  52% ] savepack | 正在保存文件：res://.godot/imported/Red Tank Helmet.png-e1e920a378fada64c66fbe6cd32d8b79.ctex
[  52% ] savepack | 正在保存文件：res://Sprites/All_Icons/Red Tank Helmet.png.import
[  52% ] savepack | 正在保存文件：res://.godot/imported/Red Visor.png-901b25b938f00f7c44012c0292b5a773.ctex
[  52% ] savepack | 正在保存文件：res://Sprites/All_Icons/Red Visor.png.import
[  52% ] savepack | 正在保存文件：res://.godot/imported/Red Warning icon.png-6731d8f931dac6f42e549f84a8abd1ef.ctex
[  52% ] savepack | 正在保存文件：res://Sprites/All_Icons/Red Warning icon.png.import
[  52% ] savepack | 正在保存文件：res://.godot/imported/Red Wire.png-76bc80798ff4d6c2bfbc431b6ba036a8.ctex
[  52% ] savepack | 正在保存文件：res://Sprites/All_Icons/Red Wire.png.import
[  52% ] savepack | 正在保存文件：res://.godot/imported/Regen Bullet.png-25246ed9ba74d1357e3237d8dad36219.ctex
[  52% ] savepack | 正在保存文件：res://Sprites/All_Icons/Regen Bullet.png.import
[  53% ] savepack | 正在保存文件：res://.godot/imported/Regen Pill.png-d89a0dfaeaa70d114e2410d9df78253f.ctex
[  53% ] savepack | 正在保存文件：res://Sprites/All_Icons/Regen Pill.png.import
[  53% ] savepack | 正在保存文件：res://.godot/imported/Ruby Bar.png-e9ad2cbc28058eab94aba4858c10f529.ctex
[  53% ] savepack | 正在保存文件：res://Sprites/All_Icons/Ruby Bar.png.import
[  53% ] savepack | 正在保存文件：res://.godot/imported/Ruby Big Blade.png-4b9c52069d18fca35f0eac5e83b08589.ctex
[  53% ] savepack | 正在保存文件：res://Sprites/All_Icons/Ruby Big Blade.png.import
[  53% ] savepack | 正在保存文件：res://.godot/imported/Ruby Bullet.png-61f4a5c3dda3172ce406f01fb08b2ab9.ctex
[  53% ] savepack | 正在保存文件：res://Sprites/All_Icons/Ruby Bullet.png.import
[  53% ] savepack | 正在保存文件：res://.godot/imported/Ruby Ring.png-30d402e97ac2cd70b70643fd1fbdba4e.ctex
[  53% ] savepack | 正在保存文件：res://Sprites/All_Icons/Ruby Ring.png.import
[  53% ] savepack | 正在保存文件：res://.godot/imported/Ruby Spike Blade.png-47c9753fb0628c0b2c7243935e63f49c.ctex
[  53% ] savepack | 正在保存文件：res://Sprites/All_Icons/Ruby Spike Blade.png.import
[  53% ] savepack | 正在保存文件：res://.godot/imported/Rubyrite Meteorite.png-5ba8e2dc832f75e08cef5505b5f63a80.ctex
[  53% ] savepack | 正在保存文件：res://Sprites/All_Icons/Rubyrite Meteorite.png.import
[  53% ] savepack | 正在保存文件：res://.godot/imported/Rubyrite Ore.png-e02aaa868266b6cda73ba0dc6ce1eb26.ctex
[  53% ] savepack | 正在保存文件：res://Sprites/All_Icons/Rubyrite Ore.png.import
[  53% ] savepack | 正在保存文件：res://.godot/imported/Rusted Companion.png-23a3652cffb4e3a3f5b91e5e63b23ef1.ctex
[  53% ] savepack | 正在保存文件：res://Sprites/All_Icons/Rusted Companion.png.import
[  53% ] savepack | 正在保存文件：res://.godot/imported/Rusty Bolt.png-f2357d8efafeba8b17009148e2b5d691.ctex
[  53% ] savepack | 正在保存文件：res://Sprites/All_Icons/Rusty Bolt.png.import
[  53% ] savepack | 正在保存文件：res://.godot/imported/Rusty Nut.png-0da8edd6cf9d3d949bf895a854ede97a.ctex
[  53% ] savepack | 正在保存文件：res://Sprites/All_Icons/Rusty Nut.png.import
[  53% ] savepack | 正在保存文件：res://.godot/imported/Rusty Plating.png-24072463dbad23064e1521cb543ec4e1.ctex
[  53% ] savepack | 正在保存文件：res://Sprites/All_Icons/Rusty Plating.png.import
[  53% ] savepack | 正在保存文件：res://.godot/imported/Rusty Screw.png-bf1e9b123db3991683b77ac09cad9eaa.ctex
[  53% ] savepack | 正在保存文件：res://Sprites/All_Icons/Rusty Screw.png.import
[  53% ] savepack | 正在保存文件：res://.godot/imported/Rusty Toolbox.png-cc7be10bebb1af7a2333d923a85be7da.ctex
[  53% ] savepack | 正在保存文件：res://Sprites/All_Icons/Rusty Toolbox.png.import
[  54% ] savepack | 正在保存文件：res://.godot/imported/Rusty Wrench.png-bb831c1055f4f5d52b5d4ade0a0a89ba.ctex
[  54% ] savepack | 正在保存文件：res://Sprites/All_Icons/Rusty Wrench.png.import
[  54% ] savepack | 正在保存文件：res://.godot/imported/ScifiItems_84.png-4a1ed02b6047647df8e7a80937a5b32c.ctex
[  54% ] savepack | 正在保存文件：res://Sprites/All_Icons/ScifiItems_84.png.import
[  54% ] savepack | 正在保存文件：res://.godot/imported/ScifiItems_85.png-48f0a2a7b64532dc092d5423c55216c5.ctex
[  54% ] savepack | 正在保存文件：res://Sprites/All_Icons/ScifiItems_85.png.import
[  54% ] savepack | 正在保存文件：res://.godot/imported/ScifiItems_86.png-082505f906cad9177fcc923da3f63fd4.ctex
[  54% ] savepack | 正在保存文件：res://Sprites/All_Icons/ScifiItems_86.png.import
[  54% ] savepack | 正在保存文件：res://.godot/imported/ScifiItems_87.png-6988609b9c929f4be29ecaf4dec75f5a.ctex
[  54% ] savepack | 正在保存文件：res://Sprites/All_Icons/ScifiItems_87.png.import
[  54% ] savepack | 正在保存文件：res://.godot/imported/ScifiItems_88.png-de74c7a2ee4cf4219a5a183201c25481.ctex
[  54% ] savepack | 正在保存文件：res://Sprites/All_Icons/ScifiItems_88.png.import
[  54% ] savepack | 正在保存文件：res://.godot/imported/ScifiItems_89.png-0e1850b31b7ff808ee446bee4ebe9e24.ctex
[  54% ] savepack | 正在保存文件：res://Sprites/All_Icons/ScifiItems_89.png.import
[  54% ] savepack | 正在保存文件：res://.godot/imported/ScifiItems_90.png-32546b2d6c8d358f9f2e0d955baabb39.ctex
[  54% ] savepack | 正在保存文件：res://Sprites/All_Icons/ScifiItems_90.png.import
[  54% ] savepack | 正在保存文件：res://.godot/imported/ScifiItems_91.png-5a9b48515435f7f2d1bbfb8ab7ea8d02.ctex
[  54% ] savepack | 正在保存文件：res://Sprites/All_Icons/ScifiItems_91.png.import
[  54% ] savepack | 正在保存文件：res://.godot/imported/ScifiItems_92.png-a88908f6ea10e8fddded9f84e4fb1e52.ctex
[  54% ] savepack | 正在保存文件：res://Sprites/All_Icons/ScifiItems_92.png.import
[  54% ] savepack | 正在保存文件：res://.godot/imported/ScifiItems_93.png-c060b438738fd70950531a5bc84cb714.ctex
[  54% ] savepack | 正在保存文件：res://Sprites/All_Icons/ScifiItems_93.png.import
[  54% ] savepack | 正在保存文件：res://.godot/imported/ScifiItems_94.png-bd255fa8263c46a95493ba20a7a941e8.ctex
[  54% ] savepack | 正在保存文件：res://Sprites/All_Icons/ScifiItems_94.png.import
[  54% ] savepack | 正在保存文件：res://.godot/imported/Screen.png-bc522626ca2c0c50c917731db9d44701.ctex
[  54% ] savepack | 正在保存文件：res://Sprites/All_Icons/Screen.png.import
[  55% ] savepack | 正在保存文件：res://.godot/imported/Screw.png-9a5a5ea52b787753ef4033044e85e5d4.ctex
[  55% ] savepack | 正在保存文件：res://Sprites/All_Icons/Screw.png.import
[  55% ] savepack | 正在保存文件：res://.godot/imported/Seed Pack.png-7c2a12fa11742deb12ad23cf1cb4a12a.ctex
[  55% ] savepack | 正在保存文件：res://Sprites/All_Icons/Seed Pack.png.import
[  55% ] savepack | 正在保存文件：res://.godot/imported/Shield Armor.png-be1f5451e98096111a7f563df3df3ac4.ctex
[  55% ] savepack | 正在保存文件：res://Sprites/All_Icons/Shield Armor.png.import
[  55% ] savepack | 正在保存文件：res://.godot/imported/Shield Bullet.png-7afe046bafd5a9958144a353705e9953.ctex
[  55% ] savepack | 正在保存文件：res://Sprites/All_Icons/Shield Bullet.png.import
[  55% ] savepack | 正在保存文件：res://.godot/imported/Shield Helmet.png-a191e9256c8e354705962ffcc09632e9.ctex
[  55% ] savepack | 正在保存文件：res://Sprites/All_Icons/Shield Helmet.png.import
[  55% ] savepack | 正在保存文件：res://.godot/imported/Shield Pill.png-edf89f47517dbbf775a333897034f8f3.ctex
[  55% ] savepack | 正在保存文件：res://Sprites/All_Icons/Shield Pill.png.import
[  55% ] savepack | 正在保存文件：res://.godot/imported/Shieldkit.png-e002d8e03b2988665b4f8cc6ba12f412.ctex
[  55% ] savepack | 正在保存文件：res://Sprites/All_Icons/Shieldkit.png.import
[  55% ] savepack | 正在保存文件：res://.godot/imported/Shovel.png-524693186db61c0d08cffe13fd3a8f8e.ctex
[  55% ] savepack | 正在保存文件：res://Sprites/All_Icons/Shovel.png.import
[  55% ] savepack | 正在保存文件：res://.godot/imported/Simple Boots.png-f9f05562f0b795ea3a361135b1288cbd.ctex
[  55% ] savepack | 正在保存文件：res://Sprites/All_Icons/Simple Boots.png.import
[  55% ] savepack | 正在保存文件：res://.godot/imported/Simple Chest Blue.png-7dd3634e0cd8eb4cb616f6187e88d507.ctex
[  55% ] savepack | 正在保存文件：res://Sprites/All_Icons/Simple Chest Blue.png.import
[  55% ] savepack | 正在保存文件：res://.godot/imported/Simple Chest Orange.png-2766ecf28bb03b4684347dfae0531a90.ctex
[  55% ] savepack | 正在保存文件：res://Sprites/All_Icons/Simple Chest Orange.png.import
[  55% ] savepack | 正在保存文件：res://.godot/imported/Simple Hand Drill.png-b05f4bb45c22402c5e43a60f098abdde.ctex
[  55% ] savepack | 正在保存文件：res://Sprites/All_Icons/Simple Hand Drill.png.import
[  55% ] savepack | 正在保存文件：res://.godot/imported/Simple Leggings.png-dbc22cb8651ddd1aa868e1ec7c0fc6c5.ctex
[  55% ] savepack | 正在保存文件：res://Sprites/All_Icons/Simple Leggings.png.import
[  55% ] savepack | 正在保存文件：res://.godot/imported/Simple Pistol1.png-4e4153733746d38fb2613313f251a81e.ctex
[  55% ] savepack | 正在保存文件：res://Sprites/All_Icons/Simple Pistol1.png.import
[  56% ] savepack | 正在保存文件：res://.godot/imported/Simple Pistol2.png-415f3eb588cff440d523042b3939891f.ctex
[  56% ] savepack | 正在保存文件：res://Sprites/All_Icons/Simple Pistol2.png.import
[  56% ] savepack | 正在保存文件：res://.godot/imported/Simple Rifle1.png-59ebab4318c52331bc980f472bc5c53a.ctex
[  56% ] savepack | 正在保存文件：res://Sprites/All_Icons/Simple Rifle1.png.import
[  56% ] savepack | 正在保存文件：res://.godot/imported/Simple Rifle2.png-d21d521eb39b62582f074b7d46eedbe6.ctex
[  56% ] savepack | 正在保存文件：res://Sprites/All_Icons/Simple Rifle2.png.import
[  56% ] savepack | 正在保存文件：res://.godot/imported/Skull Helmet.png-d3486fdc49daf610a1b48384e3cdd3cf.ctex
[  56% ] savepack | 正在保存文件：res://Sprites/All_Icons/Skull Helmet.png.import
[  56% ] savepack | 正在保存文件：res://.godot/imported/Small Empty Potion.png-60985094d0de701f4bd927f152cdc93f.ctex
[  56% ] savepack | 正在保存文件：res://Sprites/All_Icons/Small Empty Potion.png.import
[  56% ] savepack | 正在保存文件：res://.godot/imported/Space Admiral Leggings.png-3965f7b3e72e91109f49fd6658e0cdb4.ctex
[  56% ] savepack | 正在保存文件：res://Sprites/All_Icons/Space Admiral Leggings.png.import
[  56% ] savepack | 正在保存文件：res://.godot/imported/Space Bullet.png-684824e73b4ffa12a31523a654952d8a.ctex
[  56% ] savepack | 正在保存文件：res://Sprites/All_Icons/Space Bullet.png.import
[  56% ] savepack | 正在保存文件：res://.godot/imported/Space Sapling.png-09ca319f6719a087ed974f7ae91e6dea.ctex
[  56% ] savepack | 正在保存文件：res://Sprites/All_Icons/Space Sapling.png.import
[  56% ] savepack | 正在保存文件：res://.godot/imported/Space Shield1.png-4bb4010578e57edaac02872f7c99cbf3.ctex
[  56% ] savepack | 正在保存文件：res://Sprites/All_Icons/Space Shield1.png.import
[  56% ] savepack | 正在保存文件：res://.godot/imported/Space Shield2.png-15271837aec71db064188e648833ebb0.ctex
[  56% ] savepack | 正在保存文件：res://Sprites/All_Icons/Space Shield2.png.import
[  56% ] savepack | 正在保存文件：res://.godot/imported/Speed Rifle Purple.png-c567fd63dd7aaed20c748159c99c2753.ctex
[  56% ] savepack | 正在保存文件：res://Sprites/All_Icons/Speed Rifle Purple.png.import
[  56% ] savepack | 正在保存文件：res://.godot/imported/Speed Rifle Red.png-b9b3a969489b571990bc2501f3bba022.ctex
[  56% ] savepack | 正在保存文件：res://Sprites/All_Icons/Speed Rifle Red.png.import
[  56% ] savepack | 正在保存文件：res://.godot/imported/Spiked Pustol.png-d2d18d0910df1259d8eb987cabf42e78.ctex
[  56% ] savepack | 正在保存文件：res://Sprites/All_Icons/Spiked Pustol.png.import
[  57% ] savepack | 正在保存文件：res://.godot/imported/Stone Meteorite.png-ddb2b5714550333d3250136975607ab3.ctex
[  57% ] savepack | 正在保存文件：res://Sprites/All_Icons/Stone Meteorite.png.import
[  57% ] savepack | 正在保存文件：res://.godot/imported/Tech Bow.png-bfb5a04d07f85ac7ab3f0e9f0366cae6.ctex
[  57% ] savepack | 正在保存文件：res://Sprites/All_Icons/Tech Bow.png.import
[  57% ] savepack | 正在保存文件：res://.godot/imported/Tiny Blue Potion.png-b45dafb2453bbfcb52731af21c9bd16c.ctex
[  57% ] savepack | 正在保存文件：res://Sprites/All_Icons/Tiny Blue Potion.png.import
[  57% ] savepack | 正在保存文件：res://.godot/imported/Tiny Brown Pistol.png-5ccc7e57dd5289ee82a97f4bcf0b0be8.ctex
[  57% ] savepack | 正在保存文件：res://Sprites/All_Icons/Tiny Brown Pistol.png.import
[  57% ] savepack | 正在保存文件：res://.godot/imported/Tiny Green Potion.png-09e1d315f2c4fbb7d1a6c2983680639c.ctex
[  57% ] savepack | 正在保存文件：res://Sprites/All_Icons/Tiny Green Potion.png.import
[  57% ] savepack | 正在保存文件：res://.godot/imported/Tiny Orange Potion.png-6de5ea44475566de8c7ab7275f968a5d.ctex
[  57% ] savepack | 正在保存文件：res://Sprites/All_Icons/Tiny Orange Potion.png.import
[  57% ] savepack | 正在保存文件：res://.godot/imported/Tiny Purple Potion.png-92df314a31b9a7f273d5141c8c117b94.ctex
[  57% ] savepack | 正在保存文件：res://Sprites/All_Icons/Tiny Purple Potion.png.import
[  57% ] savepack | 正在保存文件：res://.godot/imported/Tiny Red Potion.png-64cf8b2fc8eba825944df43fef9f188b.ctex
[  57% ] savepack | 正在保存文件：res://Sprites/All_Icons/Tiny Red Potion.png.import
[  57% ] savepack | 正在保存文件：res://.godot/imported/Toolkit.png-0ab4c64cb2b42ad9683e5739d8a287a1.ctex
[  57% ] savepack | 正在保存文件：res://Sprites/All_Icons/Toolkit.png.import
[  57% ] savepack | 正在保存文件：res://.godot/imported/Turqoise Crystal.png-ae71b0c5394b7198c3619afb397b2d33.ctex
[  57% ] savepack | 正在保存文件：res://Sprites/All_Icons/Turqoise Crystal.png.import
[  57% ] savepack | 正在保存文件：res://.godot/imported/Turqoise Ring.png-18a5d4e66320c0504936265788269809.ctex
[  57% ] savepack | 正在保存文件：res://Sprites/All_Icons/Turqoise Ring.png.import
[  57% ] savepack | 正在保存文件：res://.godot/imported/Up Arrow.png-f2745af5944a1f591f6c2013a8370ccb.ctex
[  57% ] savepack | 正在保存文件：res://Sprites/All_Icons/Up Arrow.png.import
[  57% ] savepack | 正在保存文件：res://.godot/imported/Uranium Bar.png-1f301e971095a92d4c9f98141cc710ac.ctex
[  57% ] savepack | 正在保存文件：res://Sprites/All_Icons/Uranium Bar.png.import
[  57% ] savepack | 正在保存文件：res://.godot/imported/Uranium Big Blade.png-2b163a1ef68fb930b9092d9622487d1b.ctex
[  57% ] savepack | 正在保存文件：res://Sprites/All_Icons/Uranium Big Blade.png.import
[  58% ] savepack | 正在保存文件：res://.godot/imported/Uranium Bullet.png-d30666c83994d30523bc63de88861d89.ctex
[  58% ] savepack | 正在保存文件：res://Sprites/All_Icons/Uranium Bullet.png.import
[  58% ] savepack | 正在保存文件：res://.godot/imported/Uranium Cell.png-62d1d51a0ff2c323dde10738f7919272.ctex
[  58% ] savepack | 正在保存文件：res://Sprites/All_Icons/Uranium Cell.png.import
[  58% ] savepack | 正在保存文件：res://.godot/imported/Uranium Crystal.png-77203d7b0d39ed036e6f999f002e3da0.ctex
[  58% ] savepack | 正在保存文件：res://Sprites/All_Icons/Uranium Crystal.png.import
[  58% ] savepack | 正在保存文件：res://.godot/imported/Uranium Gloves.png-e051d62725c56365e1093fe8470e48fe.ctex
[  58% ] savepack | 正在保存文件：res://Sprites/All_Icons/Uranium Gloves.png.import
[  58% ] savepack | 正在保存文件：res://.godot/imported/Uranium Junk.png-d86380d78f7465417f00b91d3c41d852.ctex
[  58% ] savepack | 正在保存文件：res://Sprites/All_Icons/Uranium Junk.png.import
[  58% ] savepack | 正在保存文件：res://.godot/imported/Uranium Meteorite Shards.png-c22e2042ea815bfeac23c4c50835a2e8.ctex
[  58% ] savepack | 正在保存文件：res://Sprites/All_Icons/Uranium Meteorite Shards.png.import
[  58% ] savepack | 正在保存文件：res://.godot/imported/Uranium Meteorite.png-efa618ceac89742cc451f5ceb3bb5851.ctex
[  58% ] savepack | 正在保存文件：res://Sprites/All_Icons/Uranium Meteorite.png.import
[  58% ] savepack | 正在保存文件：res://.godot/imported/Uranium Neon Shield.png-1e59fbd6e01bf63cbef36232645b8fb6.ctex
[  58% ] savepack | 正在保存文件：res://Sprites/All_Icons/Uranium Neon Shield.png.import
[  58% ] savepack | 正在保存文件：res://.godot/imported/Uranium Spike Blade.png-ca810c5e12aa42cce5bea825df40e0c8.ctex
[  58% ] savepack | 正在保存文件：res://Sprites/All_Icons/Uranium Spike Blade.png.import
[  58% ] savepack | 正在保存文件：res://.godot/imported/Uranium.png-6b63affb62c3b2faaac12bcd3649d767.ctex
[  58% ] savepack | 正在保存文件：res://Sprites/All_Icons/Uranium.png.import
[  58% ] savepack | 正在保存文件：res://.godot/imported/Veggie Pack.png-947ca113a48437d78b397873202b3e10.ctex
[  58% ] savepack | 正在保存文件：res://Sprites/All_Icons/Veggie Pack.png.import
[  58% ] savepack | 正在保存文件：res://.godot/imported/Warning Icon.png-2e0f2638f9e3c55a15cd14571a8d24ab.ctex
[  58% ] savepack | 正在保存文件：res://Sprites/All_Icons/Warning Icon.png.import
[  58% ] savepack | 正在保存文件：res://.godot/imported/Warning Shield.png-0c836288ae860965ec6e7a5f6756c33c.ctex
[  58% ] savepack | 正在保存文件：res://Sprites/All_Icons/Warning Shield.png.import
[  59% ] savepack | 正在保存文件：res://.godot/imported/White Cell.png-706b3a95dd50119eadea9807a79bf2c5.ctex
[  59% ] savepack | 正在保存文件：res://Sprites/All_Icons/White Cell.png.import
[  59% ] savepack | 正在保存文件：res://.godot/imported/White Claw.png-2cd3141c56e1a7585c76c87344d63f9b.ctex
[  59% ] savepack | 正在保存文件：res://Sprites/All_Icons/White Claw.png.import
[  59% ] savepack | 正在保存文件：res://.godot/imported/White Jetpack.png-284bddd21da71eb45fd55774e3463306.ctex
[  59% ] savepack | 正在保存文件：res://Sprites/All_Icons/White Jetpack.png.import
[  59% ] savepack | 正在保存文件：res://.godot/imported/White Lining Gloves.png-8866dd0ac37d9e543212b2be9fced78a.ctex
[  59% ] savepack | 正在保存文件：res://Sprites/All_Icons/White Lining Gloves.png.import
[  59% ] savepack | 正在保存文件：res://.godot/imported/White Skull.png-2516f920cbeefa790b94fb7e1d5f531b.ctex
[  59% ] savepack | 正在保存文件：res://Sprites/All_Icons/White Skull.png.import
[  59% ] savepack | 正在保存文件：res://.godot/imported/Wrench.png-259a321164f39424c3f471da8fc4995a.ctex
[  59% ] savepack | 正在保存文件：res://Sprites/All_Icons/Wrench.png.import
[  59% ] savepack | 正在保存文件：res://.godot/imported/Yellow Crate.png-2fc1e97d8f6473918aadc4f5b632a921.ctex
[  59% ] savepack | 正在保存文件：res://Sprites/All_Icons/Yellow Crate.png.import
[  59% ] savepack | 正在保存文件：res://.godot/imported/Yellow Cyberblade.png-30f0ff7891976b52ef78babf8262b98e.ctex
[  59% ] savepack | 正在保存文件：res://Sprites/All_Icons/Yellow Cyberblade.png.import
[  59% ] savepack | 正在保存文件：res://.godot/imported/Yellow Stripe Helmet.png-5de2f4664f5742a5c507d4d2153d097c.ctex
[  59% ] savepack | 正在保存文件：res://Sprites/All_Icons/Yellow Stripe Helmet.png.import
[  59% ] savepack | 正在保存文件：res://.godot/imported/FX_Fire00_Circle32px_8x6.png-4f7d305b88fc0959e66050806d6fba41.ctex
[  59% ] savepack | 正在保存文件：res://Sprites/effect/00 Yellow-Orange FX/FX_Fire00_Circle32px_8x6.png.import
[  59% ] savepack | 正在保存文件：res://.godot/imported/FX_Fire00_Circle64px_8x6.png-f9a4d0083990ed0228f02c6ec9bc76db.ctex
[  59% ] savepack | 正在保存文件：res://Sprites/effect/00 Yellow-Orange FX/FX_Fire00_Circle64px_8x6.png.import
[  59% ] savepack | 正在保存文件：res://.godot/imported/FX_Fire00_FlameCartoon_L01_7x1.png-383edc871de2f54b00f364a698823d23.ctex
[  59% ] savepack | 正在保存文件：res://Sprites/effect/00 Yellow-Orange FX/FX_Fire00_FlameCartoon_L01_7x1.png.import
[  59% ] savepack | 正在保存文件：res://.godot/imported/FX_Fire00_FlameCartoon_M01_7x1.png-0a9d2f9102f796476f2ceb55530f44bc.ctex
[  59% ] savepack | 正在保存文件：res://Sprites/effect/00 Yellow-Orange FX/FX_Fire00_FlameCartoon_M01_7x1.png.import
[  59% ] savepack | 正在保存文件：res://.godot/imported/FX_Fire00_FlameCartoon_M02_7x1.png-82550154b03d73b3b26a8f71284af73e.ctex
[  59% ] savepack | 正在保存文件：res://Sprites/effect/00 Yellow-Orange FX/FX_Fire00_FlameCartoon_M02_7x1.png.import
[  60% ] savepack | 正在保存文件：res://.godot/imported/FX_Fire00_FlameCartoon_M03_7x1.png-07966a3d662f63fd2f10f0dad689ee0a.ctex
[  60% ] savepack | 正在保存文件：res://Sprites/effect/00 Yellow-Orange FX/FX_Fire00_FlameCartoon_M03_7x1.png.import
[  60% ] savepack | 正在保存文件：res://.godot/imported/FX_Fire00_FlameCartoon_M04_7x1.png-2c1c6f21ae12bf08f76740815d9b0964.ctex
[  60% ] savepack | 正在保存文件：res://Sprites/effect/00 Yellow-Orange FX/FX_Fire00_FlameCartoon_M04_7x1.png.import
[  60% ] savepack | 正在保存文件：res://.godot/imported/FX_Fire00_FlameCartoon_S01_7x1.png-d8ca9e0ebbe398486a77ab0e9dc4cd97.ctex
[  60% ] savepack | 正在保存文件：res://Sprites/effect/00 Yellow-Orange FX/FX_Fire00_FlameCartoon_S01_7x1.png.import
[  60% ] savepack | 正在保存文件：res://.godot/imported/FX_Fire00_FlameCartoon_S02_7x1.png-3df5a4f5a5130a5189602b4eafc23a34.ctex
[  60% ] savepack | 正在保存文件：res://Sprites/effect/00 Yellow-Orange FX/FX_Fire00_FlameCartoon_S02_7x1.png.import
[  60% ] savepack | 正在保存文件：res://.godot/imported/FX_Fire00_FlameCartoon_S03_7x1.png-2896c8a873857146d386173e4567ee79.ctex
[  60% ] savepack | 正在保存文件：res://Sprites/effect/00 Yellow-Orange FX/FX_Fire00_FlameCartoon_S03_7x1.png.import
[  60% ] savepack | 正在保存文件：res://.godot/imported/FX_Fire00_FlameThrower01_20x1.png-452d92d9617bb6c7a43f5963a2d6e7ba.ctex
[  60% ] savepack | 正在保存文件：res://Sprites/effect/00 Yellow-Orange FX/FX_Fire00_FlameThrower01_20x1.png.import
[  60% ] savepack | 正在保存文件：res://.godot/imported/FX_Fire00_FlameThrower02_Loop_6x6.png-82fbd9dcba69b34d4ffa6a73cb2f1635.ctex
[  60% ] savepack | 正在保存文件：res://Sprites/effect/00 Yellow-Orange FX/FX_Fire00_FlameThrower02_Loop_6x6.png.import
[  60% ] savepack | 正在保存文件：res://.godot/imported/FX_Fire00_Flame_Big_6x6.png-072e31f3a9c9a7ddb99a166505540297.ctex
[  60% ] savepack | 正在保存文件：res://Sprites/effect/00 Yellow-Orange FX/FX_Fire00_Flame_Big_6x6.png.import
[  60% ] savepack | 正在保存文件：res://.godot/imported/FX_Fire00_Flame_Regular_6x4.png-f663be59786bcd2d860c2ced488a15e8.ctex
[  60% ] savepack | 正在保存文件：res://Sprites/effect/00 Yellow-Orange FX/FX_Fire00_Flame_Regular_6x4.png.import
[  60% ] savepack | 正在保存文件：res://.godot/imported/FX_Fire00_Flame_Wider_4x6.png-ef8eae5bad34c9b3d25859e862d3764a.ctex
[  60% ] savepack | 正在保存文件：res://Sprites/effect/00 Yellow-Orange FX/FX_Fire00_Flame_Wider_4x6.png.import
[  60% ] savepack | 正在保存文件：res://.godot/imported/FX_Fire00_Flame_Wide_6x4.png-c29f7731d9419925867368a08e18fdae.ctex
[  60% ] savepack | 正在保存文件：res://Sprites/effect/00 Yellow-Orange FX/FX_Fire00_Flame_Wide_6x4.png.import
[  60% ] savepack | 正在保存文件：res://.godot/imported/FX_Fire00_Orb32px_Long_Behind_6x5.png-edabd04de8c5a9d5feb7dd08f057aec8.ctex
[  60% ] savepack | 正在保存文件：res://Sprites/effect/00 Yellow-Orange FX/FX_Fire00_Orb32px_Long_Behind_6x5.png.import
[  60% ] savepack | 正在保存文件：res://.godot/imported/FX_Fire00_Orb32px_Long_Full_6x5.png-476b8a3ed36aff2886ff33108e775e32.ctex
[  60% ] savepack | 正在保存文件：res://Sprites/effect/00 Yellow-Orange FX/FX_Fire00_Orb32px_Long_Full_6x5.png.import
[  61% ] savepack | 正在保存文件：res://.godot/imported/FX_Fire00_Orb32px_Long_InFront_6x5.png-5afd1e9fbd01bce04e69e7920dbbd2f4.ctex
[  61% ] savepack | 正在保存文件：res://Sprites/effect/00 Yellow-Orange FX/FX_Fire00_Orb32px_Long_InFront_6x5.png.import
[  61% ] savepack | 正在保存文件：res://.godot/imported/FX_Fire00_Orb32px_Short_Behind_6x5.png-7afd94fc1d9740619a2ac7aace2ec2f5.ctex
[  61% ] savepack | 正在保存文件：res://Sprites/effect/00 Yellow-Orange FX/FX_Fire00_Orb32px_Short_Behind_6x5.png.import
[  61% ] savepack | 正在保存文件：res://.godot/imported/FX_Fire00_Orb32px_Short_Full_6x5.png-95e5faeb4ebf78f677ae15f45271bc79.ctex
[  61% ] savepack | 正在保存文件：res://Sprites/effect/00 Yellow-Orange FX/FX_Fire00_Orb32px_Short_Full_6x5.png.import
[  61% ] savepack | 正在保存文件：res://.godot/imported/FX_Fire00_Orb32px_Short_InFront_6x5.png-b7f3a5f3ceeab75b283d9d1037abc2b0.ctex
[  61% ] savepack | 正在保存文件：res://Sprites/effect/00 Yellow-Orange FX/FX_Fire00_Orb32px_Short_InFront_6x5.png.import
[  61% ] savepack | 正在保存文件：res://.godot/imported/FX_Fire00_Orb48px_Long_Behind_6x5.png-bd75df573c0447b0144f970ce3ae23a4.ctex
[  61% ] savepack | 正在保存文件：res://Sprites/effect/00 Yellow-Orange FX/FX_Fire00_Orb48px_Long_Behind_6x5.png.import
[  61% ] savepack | 正在保存文件：res://.godot/imported/FX_Fire00_Orb48px_Long_Full_6x5.png-ef4077103d6d0d1b478e7adc38a49d7c.ctex
[  61% ] savepack | 正在保存文件：res://Sprites/effect/00 Yellow-Orange FX/FX_Fire00_Orb48px_Long_Full_6x5.png.import
[  61% ] savepack | 正在保存文件：res://.godot/imported/FX_Fire00_Orb48px_Long_InFront_6x5.png-cd9cba86ffeafe3e46fe9cfa92d4b143.ctex
[  61% ] savepack | 正在保存文件：res://Sprites/effect/00 Yellow-Orange FX/FX_Fire00_Orb48px_Long_InFront_6x5.png.import
[  61% ] savepack | 正在保存文件：res://.godot/imported/FX_Fire00_Orb48px_Short_Behind_6x5.png-7d34ad6ded1d35a170d4256ee0037096.ctex
[  61% ] savepack | 正在保存文件：res://Sprites/effect/00 Yellow-Orange FX/FX_Fire00_Orb48px_Short_Behind_6x5.png.import
[  61% ] savepack | 正在保存文件：res://.godot/imported/FX_Fire00_Orb48px_Short_Full_6x5.png-a11da7dd54249e5201876d6a309a6816.ctex
[  61% ] savepack | 正在保存文件：res://Sprites/effect/00 Yellow-Orange FX/FX_Fire00_Orb48px_Short_Full_6x5.png.import
[  61% ] savepack | 正在保存文件：res://.godot/imported/FX_Fire00_Orb48px_Short_InFront_6x5.png-316a40f385b173211bf4033bbd645a35.ctex
[  61% ] savepack | 正在保存文件：res://Sprites/effect/00 Yellow-Orange FX/FX_Fire00_Orb48px_Short_InFront_6x5.png.import
[  61% ] savepack | 正在保存文件：res://.godot/imported/FX_Fire00_OrbIso32px_Long_Behind_6x5.png-98e418f59776b0121ce6649d38f7beee.ctex
[  61% ] savepack | 正在保存文件：res://Sprites/effect/00 Yellow-Orange FX/FX_Fire00_OrbIso32px_Long_Behind_6x5.png.import
[  61% ] savepack | 正在保存文件：res://.godot/imported/FX_Fire00_OrbIso32px_Long_Full_6x5.png-46187611d43e60d607b85658c8ee63d9.ctex
[  61% ] savepack | 正在保存文件：res://Sprites/effect/00 Yellow-Orange FX/FX_Fire00_OrbIso32px_Long_Full_6x5.png.import
[  61% ] savepack | 正在保存文件：res://.godot/imported/FX_Fire00_OrbIso32px_Long_InFront_6x5.png-7ac7edf061f81c5b38404ea727d4b88a.ctex
[  61% ] savepack | 正在保存文件：res://Sprites/effect/00 Yellow-Orange FX/FX_Fire00_OrbIso32px_Long_InFront_6x5.png.import
[  61% ] savepack | 正在保存文件：res://.godot/imported/FX_Fire00_OrbIso32px_Short_Behind_6x5.png-3ede5ed52eb12d5127daa7cc4a74081c.ctex
[  61% ] savepack | 正在保存文件：res://Sprites/effect/00 Yellow-Orange FX/FX_Fire00_OrbIso32px_Short_Behind_6x5.png.import
[  62% ] savepack | 正在保存文件：res://.godot/imported/FX_Fire00_OrbIso32px_Short_Full_6x5.png-402517a3ee0f837cdb8633f9775f02de.ctex
[  62% ] savepack | 正在保存文件：res://Sprites/effect/00 Yellow-Orange FX/FX_Fire00_OrbIso32px_Short_Full_6x5.png.import
[  62% ] savepack | 正在保存文件：res://.godot/imported/FX_Fire00_OrbIso32px_Short_InFront_6x5.png-4ee95e175141df33df89abb3a72c9f77.ctex
[  62% ] savepack | 正在保存文件：res://Sprites/effect/00 Yellow-Orange FX/FX_Fire00_OrbIso32px_Short_InFront_6x5.png.import
[  62% ] savepack | 正在保存文件：res://.godot/imported/FX_Fire00_OrbIso48px_Long_Behind_6x5.png-d5f21581bb8f15aafb48f5642664e3ba.ctex
[  62% ] savepack | 正在保存文件：res://Sprites/effect/00 Yellow-Orange FX/FX_Fire00_OrbIso48px_Long_Behind_6x5.png.import
[  62% ] savepack | 正在保存文件：res://.godot/imported/FX_Fire00_OrbIso48px_Long_Full_6x5.png-202a7cd0f00a054f488ec242ee0e2c5a.ctex
[  62% ] savepack | 正在保存文件：res://Sprites/effect/00 Yellow-Orange FX/FX_Fire00_OrbIso48px_Long_Full_6x5.png.import
[  62% ] savepack | 正在保存文件：res://.godot/imported/FX_Fire00_OrbIso48px_Long_InFront_6x5.png-9f9a81766d28f4ae873709ec5285f516.ctex
[  62% ] savepack | 正在保存文件：res://Sprites/effect/00 Yellow-Orange FX/FX_Fire00_OrbIso48px_Long_InFront_6x5.png.import
[  62% ] savepack | 正在保存文件：res://.godot/imported/FX_Fire00_OrbIso48px_Short_Behind_6x5.png-4fabceba82afeafd13a080c181151c66.ctex
[  62% ] savepack | 正在保存文件：res://Sprites/effect/00 Yellow-Orange FX/FX_Fire00_OrbIso48px_Short_Behind_6x5.png.import
[  62% ] savepack | 正在保存文件：res://.godot/imported/FX_Fire00_OrbIso48px_Short_Full_6x5.png-a0a5c4a17e07ef012a164280b9479c6f.ctex
[  62% ] savepack | 正在保存文件：res://Sprites/effect/00 Yellow-Orange FX/FX_Fire00_OrbIso48px_Short_Full_6x5.png.import
[  62% ] savepack | 正在保存文件：res://.godot/imported/FX_Fire00_OrbIso48px_Short_InFront_6x5.png-fde1443748873fe26b72b2446ecaec98.ctex
[  62% ] savepack | 正在保存文件：res://Sprites/effect/00 Yellow-Orange FX/FX_Fire00_OrbIso48px_Short_InFront_6x5.png.import
[  62% ] savepack | 正在保存文件：res://.godot/imported/FX_Fire00_Real01_6x6.png-98af6381dcca41a4f05e9deefde7f4de.ctex
[  62% ] savepack | 正在保存文件：res://Sprites/effect/00 Yellow-Orange FX/FX_Fire00_Real01_6x6.png.import
[  62% ] savepack | 正在保存文件：res://.godot/imported/FX_Fire00_Real02_8x11.png-46f66da75c2dc85e03453c277663e56e.ctex
[  62% ] savepack | 正在保存文件：res://Sprites/effect/00 Yellow-Orange FX/FX_Fire00_Real02_8x11.png.import
[  62% ] savepack | 正在保存文件：res://.godot/imported/FX_Fire00_ShockWave_6x4.png-b4c7e12ce5baee41082e4088e03175a4.ctex
[  62% ] savepack | 正在保存文件：res://Sprites/effect/00 Yellow-Orange FX/FX_Fire00_ShockWave_6x4.png.import
[  62% ] savepack | 正在保存文件：res://.godot/imported/FX_Fire00_Square32px_8x6.png-bc00e9dd2fa307180df68989b03b311e.ctex
[  62% ] savepack | 正在保存文件：res://Sprites/effect/00 Yellow-Orange FX/FX_Fire00_Square32px_8x6.png.import
[  62% ] savepack | 正在保存文件：res://.godot/imported/FX_Fire00_Square48px_8x6.png-0d6e59dd2b9cb83e29ac82f48ef7a091.ctex
[  62% ] savepack | 正在保存文件：res://Sprites/effect/00 Yellow-Orange FX/FX_Fire00_Square48px_8x6.png.import
[  63% ] savepack | 正在保存文件：res://.godot/imported/FX_Fire00_Square96px_8x6.png-3144b5bb166afc31cc0d9c55dffdbb10.ctex
[  63% ] savepack | 正在保存文件：res://Sprites/effect/00 Yellow-Orange FX/FX_Fire00_Square96px_8x6.png.import
[  63% ] savepack | 正在保存文件：res://.godot/imported/FX_Fire01_Circle32px_8x6.png-81a813272088089fb8aa2489eb9a0782.ctex
[  63% ] savepack | 正在保存文件：res://Sprites/effect/01 Blue FX/FX_Fire01_Circle32px_8x6.png.import
[  63% ] savepack | 正在保存文件：res://.godot/imported/FX_Fire01_Circle64px_8x6.png-5633cb8be12d570e78b82678fbae8c0c.ctex
[  63% ] savepack | 正在保存文件：res://Sprites/effect/01 Blue FX/FX_Fire01_Circle64px_8x6.png.import
[  63% ] savepack | 正在保存文件：res://.godot/imported/FX_Fire01_FlameCartoon_L01_7x1.png-d3424b84e99fa6ece36aa0f45d8db4e2.ctex
[  63% ] savepack | 正在保存文件：res://Sprites/effect/01 Blue FX/FX_Fire01_FlameCartoon_L01_7x1.png.import
[  63% ] savepack | 正在保存文件：res://.godot/imported/FX_Fire01_FlameCartoon_M01_7x1.png-8f846549a059ebb4495f57a93157ea1e.ctex
[  63% ] savepack | 正在保存文件：res://Sprites/effect/01 Blue FX/FX_Fire01_FlameCartoon_M01_7x1.png.import
[  63% ] savepack | 正在保存文件：res://.godot/imported/FX_Fire01_FlameCartoon_M02_7x1.png-35c817cbab141f9552cfdbf32a0288e2.ctex
[  63% ] savepack | 正在保存文件：res://Sprites/effect/01 Blue FX/FX_Fire01_FlameCartoon_M02_7x1.png.import
[  63% ] savepack | 正在保存文件：res://.godot/imported/FX_Fire01_FlameCartoon_M03_7x1.png-f2a0c6c1c053d943af02386d7f63e815.ctex
[  63% ] savepack | 正在保存文件：res://Sprites/effect/01 Blue FX/FX_Fire01_FlameCartoon_M03_7x1.png.import
[  63% ] savepack | 正在保存文件：res://.godot/imported/FX_Fire01_FlameCartoon_M04_7x1.png-52a53ae74410b995e9284c83b15023ab.ctex
[  63% ] savepack | 正在保存文件：res://Sprites/effect/01 Blue FX/FX_Fire01_FlameCartoon_M04_7x1.png.import
[  63% ] savepack | 正在保存文件：res://.godot/imported/FX_Fire01_FlameCartoon_S01_7x1.png-a4d06cfbd552f447635ec55a837ed90e.ctex
[  63% ] savepack | 正在保存文件：res://Sprites/effect/01 Blue FX/FX_Fire01_FlameCartoon_S01_7x1.png.import
[  63% ] savepack | 正在保存文件：res://.godot/imported/FX_Fire01_FlameCartoon_S02_7x1.png-4a90c3c671df9694c2b5cea39191468b.ctex
[  63% ] savepack | 正在保存文件：res://Sprites/effect/01 Blue FX/FX_Fire01_FlameCartoon_S02_7x1.png.import
[  63% ] savepack | 正在保存文件：res://.godot/imported/FX_Fire01_FlameCartoon_S03_7x1.png-ad7397c31f3e31c132dd4072611c05cf.ctex
[  63% ] savepack | 正在保存文件：res://Sprites/effect/01 Blue FX/FX_Fire01_FlameCartoon_S03_7x1.png.import
[  63% ] savepack | 正在保存文件：res://.godot/imported/FX_Fire01_FlameThrower01_20x1.png-90a882b440d4495c22f3b5ef6bb1f5f0.ctex
[  63% ] savepack | 正在保存文件：res://Sprites/effect/01 Blue FX/FX_Fire01_FlameThrower01_20x1.png.import
[  63% ] savepack | 正在保存文件：res://.godot/imported/FX_Fire01_FlameThrower02_Loop_6x6.png-c4de9d618b99e06f3b0e164557c01b02.ctex
[  63% ] savepack | 正在保存文件：res://Sprites/effect/01 Blue FX/FX_Fire01_FlameThrower02_Loop_6x6.png.import
[  63% ] savepack | 正在保存文件：res://.godot/imported/FX_Fire01_Flame_Big_6x6.png-333ca14d322ae957dc4c3dfa273ba033.ctex
[  63% ] savepack | 正在保存文件：res://Sprites/effect/01 Blue FX/FX_Fire01_Flame_Big_6x6.png.import
[  64% ] savepack | 正在保存文件：res://.godot/imported/FX_Fire01_Flame_Regular_6x4.png-4084d9b534e823c7659a8458540fcbcc.ctex
[  64% ] savepack | 正在保存文件：res://Sprites/effect/01 Blue FX/FX_Fire01_Flame_Regular_6x4.png.import
[  64% ] savepack | 正在保存文件：res://.godot/imported/FX_Fire01_Flame_Wider_4x6.png-778845a063c426dd65493ad2192c2f58.ctex
[  64% ] savepack | 正在保存文件：res://Sprites/effect/01 Blue FX/FX_Fire01_Flame_Wider_4x6.png.import
[  64% ] savepack | 正在保存文件：res://.godot/imported/FX_Fire01_Flame_Wide_6x4.png-aa2af0d8463a303945782332f1b245f4.ctex
[  64% ] savepack | 正在保存文件：res://Sprites/effect/01 Blue FX/FX_Fire01_Flame_Wide_6x4.png.import
[  64% ] savepack | 正在保存文件：res://.godot/imported/FX_Fire01_Orb32px_Long_Behind_6x5.png-f8874d2c1d2a99118e7da7d594a4d0aa.ctex
[  64% ] savepack | 正在保存文件：res://Sprites/effect/01 Blue FX/FX_Fire01_Orb32px_Long_Behind_6x5.png.import
[  64% ] savepack | 正在保存文件：res://.godot/imported/FX_Fire01_Orb32px_Long_Full_6x5.png-a72de849cd37218282fcf87bcccac955.ctex
[  64% ] savepack | 正在保存文件：res://Sprites/effect/01 Blue FX/FX_Fire01_Orb32px_Long_Full_6x5.png.import
[  64% ] savepack | 正在保存文件：res://.godot/imported/FX_Fire01_Orb32px_Long_InFront_6x5.png-3aafe936a3a5cc8c565c209ca81b60d0.ctex
[  64% ] savepack | 正在保存文件：res://Sprites/effect/01 Blue FX/FX_Fire01_Orb32px_Long_InFront_6x5.png.import
[  64% ] savepack | 正在保存文件：res://.godot/imported/FX_Fire01_Orb32px_Short_Behind_6x5.png-842ef37e1983d82b737e363d95353e8e.ctex
[  64% ] savepack | 正在保存文件：res://Sprites/effect/01 Blue FX/FX_Fire01_Orb32px_Short_Behind_6x5.png.import
[  64% ] savepack | 正在保存文件：res://.godot/imported/FX_Fire01_Orb32px_Short_Full_6x5.png-ab29f50f33b2cfa34e3d0b429a889b9d.ctex
[  64% ] savepack | 正在保存文件：res://Sprites/effect/01 Blue FX/FX_Fire01_Orb32px_Short_Full_6x5.png.import
[  64% ] savepack | 正在保存文件：res://.godot/imported/FX_Fire01_Orb32px_Short_InFront_6x5.png-2ac3eafbac29e454fefae8ea35cf5498.ctex
[  64% ] savepack | 正在保存文件：res://Sprites/effect/01 Blue FX/FX_Fire01_Orb32px_Short_InFront_6x5.png.import
[  64% ] savepack | 正在保存文件：res://.godot/imported/FX_Fire01_Orb48px_Long_Behind_6x5.png-8420349767344ead18aba2e71528bc99.ctex
[  64% ] savepack | 正在保存文件：res://Sprites/effect/01 Blue FX/FX_Fire01_Orb48px_Long_Behind_6x5.png.import
[  64% ] savepack | 正在保存文件：res://.godot/imported/FX_Fire01_Orb48px_Long_Full_6x5.png-03148705b1921e3e5524ac4a685a0873.ctex
[  64% ] savepack | 正在保存文件：res://Sprites/effect/01 Blue FX/FX_Fire01_Orb48px_Long_Full_6x5.png.import
[  64% ] savepack | 正在保存文件：res://.godot/imported/FX_Fire01_Orb48px_Long_InFront_6x5.png-0782556510553f27896e9b6756ae80ae.ctex
[  64% ] savepack | 正在保存文件：res://Sprites/effect/01 Blue FX/FX_Fire01_Orb48px_Long_InFront_6x5.png.import
[  64% ] savepack | 正在保存文件：res://.godot/imported/FX_Fire01_Orb48px_Short_Behind_6x5.png-b90bb142a4940365b1729b05de0913ef.ctex
[  64% ] savepack | 正在保存文件：res://Sprites/effect/01 Blue FX/FX_Fire01_Orb48px_Short_Behind_6x5.png.import
[  65% ] savepack | 正在保存文件：res://.godot/imported/FX_Fire01_Orb48px_Short_Full_6x5.png-75754d85c6792d54d819dc52938e6107.ctex
[  65% ] savepack | 正在保存文件：res://Sprites/effect/01 Blue FX/FX_Fire01_Orb48px_Short_Full_6x5.png.import
[  65% ] savepack | 正在保存文件：res://.godot/imported/FX_Fire01_Orb48px_Short_InFront_6x5.png-7ee8a7057234c85b46efe9f134cfba66.ctex
[  65% ] savepack | 正在保存文件：res://Sprites/effect/01 Blue FX/FX_Fire01_Orb48px_Short_InFront_6x5.png.import
[  65% ] savepack | 正在保存文件：res://.godot/imported/FX_Fire01_OrbIso32px_Long_Behind_6x5.png-b707027c5ccd200ee9090dfad45165c1.ctex
[  65% ] savepack | 正在保存文件：res://Sprites/effect/01 Blue FX/FX_Fire01_OrbIso32px_Long_Behind_6x5.png.import
[  65% ] savepack | 正在保存文件：res://.godot/imported/FX_Fire01_OrbIso32px_Long_Full_6x5.png-b2b38c6bd3da5878f7c44a92d3750dca.ctex
[  65% ] savepack | 正在保存文件：res://Sprites/effect/01 Blue FX/FX_Fire01_OrbIso32px_Long_Full_6x5.png.import
[  65% ] savepack | 正在保存文件：res://.godot/imported/FX_Fire01_OrbIso32px_Long_InFront_6x5.png-62870be02090c387a3fad038c78afab9.ctex
[  65% ] savepack | 正在保存文件：res://Sprites/effect/01 Blue FX/FX_Fire01_OrbIso32px_Long_InFront_6x5.png.import
[  65% ] savepack | 正在保存文件：res://.godot/imported/FX_Fire01_OrbIso32px_Short_Behind_6x5.png-49879cbcee4c957fc6479aec17953ffd.ctex
[  65% ] savepack | 正在保存文件：res://Sprites/effect/01 Blue FX/FX_Fire01_OrbIso32px_Short_Behind_6x5.png.import
[  65% ] savepack | 正在保存文件：res://.godot/imported/FX_Fire01_OrbIso32px_Short_Full_6x5.png-59aa9a8e590d14940d4c23c8b874f577.ctex
[  65% ] savepack | 正在保存文件：res://Sprites/effect/01 Blue FX/FX_Fire01_OrbIso32px_Short_Full_6x5.png.import
[  65% ] savepack | 正在保存文件：res://.godot/imported/FX_Fire01_OrbIso32px_Short_InFront_6x5.png-1ef89f3f533007a9dc6e2d29fceda0a2.ctex
[  65% ] savepack | 正在保存文件：res://Sprites/effect/01 Blue FX/FX_Fire01_OrbIso32px_Short_InFront_6x5.png.import
[  65% ] savepack | 正在保存文件：res://.godot/imported/FX_Fire01_OrbIso48px_Long_Behind_6x5.png-e6b84a080795c75dcca5e9ca690899e9.ctex
[  65% ] savepack | 正在保存文件：res://Sprites/effect/01 Blue FX/FX_Fire01_OrbIso48px_Long_Behind_6x5.png.import
[  65% ] savepack | 正在保存文件：res://.godot/imported/FX_Fire01_OrbIso48px_Long_Full_6x5.png-ec1e3cb19a994f6fb05fcf9e40935974.ctex
[  65% ] savepack | 正在保存文件：res://Sprites/effect/01 Blue FX/FX_Fire01_OrbIso48px_Long_Full_6x5.png.import
[  65% ] savepack | 正在保存文件：res://.godot/imported/FX_Fire01_OrbIso48px_Long_InFront_6x5.png-07297abe91d67b0e3464855259961802.ctex
[  65% ] savepack | 正在保存文件：res://Sprites/effect/01 Blue FX/FX_Fire01_OrbIso48px_Long_InFront_6x5.png.import
[  65% ] savepack | 正在保存文件：res://.godot/imported/FX_Fire01_OrbIso48px_Short_Behind_6x5.png-45651b8826af33ffa1d2d000bcf790cf.ctex
[  65% ] savepack | 正在保存文件：res://Sprites/effect/01 Blue FX/FX_Fire01_OrbIso48px_Short_Behind_6x5.png.import
[  65% ] savepack | 正在保存文件：res://.godot/imported/FX_Fire01_OrbIso48px_Short_Full_6x5.png-5b9154df841d4358de7ac3b5815643e3.ctex
[  65% ] savepack | 正在保存文件：res://Sprites/effect/01 Blue FX/FX_Fire01_OrbIso48px_Short_Full_6x5.png.import
[  65% ] savepack | 正在保存文件：res://.godot/imported/FX_Fire01_OrbIso48px_Short_InFront_6x5.png-e911453dd636a5c29468c2426187df30.ctex
[  65% ] savepack | 正在保存文件：res://Sprites/effect/01 Blue FX/FX_Fire01_OrbIso48px_Short_InFront_6x5.png.import
[  66% ] savepack | 正在保存文件：res://.godot/imported/FX_Fire01_Real01_6x6.png-83a7ca7d0482174087a5b690ed1faba0.ctex
[  66% ] savepack | 正在保存文件：res://Sprites/effect/01 Blue FX/FX_Fire01_Real01_6x6.png.import
[  66% ] savepack | 正在保存文件：res://.godot/imported/FX_Fire01_Real02_8x11.png-381572992e32738553cac459c717a363.ctex
[  66% ] savepack | 正在保存文件：res://Sprites/effect/01 Blue FX/FX_Fire01_Real02_8x11.png.import
[  66% ] savepack | 正在保存文件：res://.godot/imported/FX_Fire01_ShockWave_6x4.png-5017b42214a03f747fc9b9b5744ef0d0.ctex
[  66% ] savepack | 正在保存文件：res://Sprites/effect/01 Blue FX/FX_Fire01_ShockWave_6x4.png.import
[  66% ] savepack | 正在保存文件：res://.godot/imported/FX_Fire01_Square32px_8x6.png-2f27b7b596e6223783f42320ce8b3a3e.ctex
[  66% ] savepack | 正在保存文件：res://Sprites/effect/01 Blue FX/FX_Fire01_Square32px_8x6.png.import
[  66% ] savepack | 正在保存文件：res://.godot/imported/FX_Fire01_Square48px_8x6.png-d9e9143b1d906a5e0b3193e70b9986ab.ctex
[  66% ] savepack | 正在保存文件：res://Sprites/effect/01 Blue FX/FX_Fire01_Square48px_8x6.png.import
[  66% ] savepack | 正在保存文件：res://.godot/imported/FX_Fire01_Square96px_8x6.png-badfcc28522200c464f4c22ecfc44eeb.ctex
[  66% ] savepack | 正在保存文件：res://Sprites/effect/01 Blue FX/FX_Fire01_Square96px_8x6.png.import
[  66% ] savepack | 正在保存文件：res://.godot/imported/FX_Fire02_Circle32px_8x6.png-9f317590b4db2b9cf7e2a0cd7c5a03c5.ctex
[  66% ] savepack | 正在保存文件：res://Sprites/effect/02 Green FX/FX_Fire02_Circle32px_8x6.png.import
[  66% ] savepack | 正在保存文件：res://.godot/imported/FX_Fire02_Circle64px_8x6.png-81d3946fc33b8d30f232d14ae4599d12.ctex
[  66% ] savepack | 正在保存文件：res://Sprites/effect/02 Green FX/FX_Fire02_Circle64px_8x6.png.import
[  66% ] savepack | 正在保存文件：res://.godot/imported/FX_Fire02_FlameCartoon_L01_7x1.png-5130d7c9308626af00f68806330c2426.ctex
[  66% ] savepack | 正在保存文件：res://Sprites/effect/02 Green FX/FX_Fire02_FlameCartoon_L01_7x1.png.import
[  66% ] savepack | 正在保存文件：res://.godot/imported/FX_Fire02_FlameCartoon_M01_7x1.png-a01be8d27444db88644786c62ceaba09.ctex
[  66% ] savepack | 正在保存文件：res://Sprites/effect/02 Green FX/FX_Fire02_FlameCartoon_M01_7x1.png.import
[  66% ] savepack | 正在保存文件：res://.godot/imported/FX_Fire02_FlameCartoon_M02_7x1.png-7caaeb410e5610b4574b4da09d11ae31.ctex
[  66% ] savepack | 正在保存文件：res://Sprites/effect/02 Green FX/FX_Fire02_FlameCartoon_M02_7x1.png.import
[  66% ] savepack | 正在保存文件：res://.godot/imported/FX_Fire02_FlameCartoon_M03_7x1.png-bf543d1df5c9de6e900dd93b91870604.ctex
[  66% ] savepack | 正在保存文件：res://Sprites/effect/02 Green FX/FX_Fire02_FlameCartoon_M03_7x1.png.import
[  66% ] savepack | 正在保存文件：res://.godot/imported/FX_Fire02_FlameCartoon_M04_7x1.png-ffe7a579bc822fe5b7b77ec5164ac241.ctex
[  66% ] savepack | 正在保存文件：res://Sprites/effect/02 Green FX/FX_Fire02_FlameCartoon_M04_7x1.png.import
[  66% ] savepack | 正在保存文件：res://.godot/imported/FX_Fire02_FlameCartoon_S01_7x1.png-0af15996552e246720d9bd21bd4a8577.ctex
[  66% ] savepack | 正在保存文件：res://Sprites/effect/02 Green FX/FX_Fire02_FlameCartoon_S01_7x1.png.import
[  66% ] savepack | 正在保存文件：res://.godot/imported/FX_Fire02_FlameCartoon_S02_7x1.png-7188e384ac911caf26c365e1e78df6ae.ctex
[  66% ] savepack | 正在保存文件：res://Sprites/effect/02 Green FX/FX_Fire02_FlameCartoon_S02_7x1.png.import
[  66% ] savepack | 正在保存文件：res://.godot/imported/FX_Fire02_FlameCartoon_S03_7x1.png-78853bc5c3e6d353c920be7892003efc.ctex
[  66% ] savepack | 正在保存文件：res://Sprites/effect/02 Green FX/FX_Fire02_FlameCartoon_S03_7x1.png.import
[  66% ] savepack | 正在保存文件：res://.godot/imported/FX_Fire02_FlameThrower01_20x1.png-2a8e1ddfe3ea8938f22aa5769456ea3b.ctex
[  66% ] savepack | 正在保存文件：res://Sprites/effect/02 Green FX/FX_Fire02_FlameThrower01_20x1.png.import
[  66% ] savepack | 正在保存文件：res://.godot/imported/FX_Fire02_FlameThrower02_Loop_6x6.png-1233dc804b81e40ab3479bfa70226a61.ctex
[  66% ] savepack | 正在保存文件：res://Sprites/effect/02 Green FX/FX_Fire02_FlameThrower02_Loop_6x6.png.import
[  66% ] savepack | 正在保存文件：res://.godot/imported/FX_Fire02_Flame_Big_6x6.png-cd4bad587a14c05d5581588a6a5c3c5b.ctex
[  66% ] savepack | 正在保存文件：res://Sprites/effect/02 Green FX/FX_Fire02_Flame_Big_6x6.png.import
[  66% ] savepack | 正在保存文件：res://.godot/imported/FX_Fire02_Flame_Regular_6x4.png-8086a245f0a4ca403bbcd97b4fb5985c.ctex
[  66% ] savepack | 正在保存文件：res://Sprites/effect/02 Green FX/FX_Fire02_Flame_Regular_6x4.png.import
[  66% ] savepack | 正在保存文件：res://.godot/imported/FX_Fire02_Flame_Wider_4x6.png-5c5ea3ffcfdbb7d4c28700031791469c.ctex
[  66% ] savepack | 正在保存文件：res://Sprites/effect/02 Green FX/FX_Fire02_Flame_Wider_4x6.png.import
[  66% ] savepack | 正在保存文件：res://.godot/imported/FX_Fire02_Flame_Wide_6x4.png-09af992caecd738bbcdd24c2b603cc58.ctex
[  66% ] savepack | 正在保存文件：res://Sprites/effect/02 Green FX/FX_Fire02_Flame_Wide_6x4.png.import
[  66% ] savepack | 正在保存文件：res://.godot/imported/FX_Fire02_Orb32px_Long_Behind_6x5.png-1d02452ca7d41aa852ff921f631425ed.ctex
[  66% ] savepack | 正在保存文件：res://Sprites/effect/02 Green FX/FX_Fire02_Orb32px_Long_Behind_6x5.png.import
[  66% ] savepack | 正在保存文件：res://.godot/imported/FX_Fire02_Orb32px_Long_Full_6x5.png-5ad32cd08e6110cc5757cd32446300e3.ctex
[  66% ] savepack | 正在保存文件：res://Sprites/effect/02 Green FX/FX_Fire02_Orb32px_Long_Full_6x5.png.import
[  66% ] savepack | 正在保存文件：res://.godot/imported/FX_Fire02_Orb32px_Long_InFront_6x5.png-cd5c585d1ee3942c97c30d23a48e1902.ctex
[  66% ] savepack | 正在保存文件：res://Sprites/effect/02 Green FX/FX_Fire02_Orb32px_Long_InFront_6x5.png.import
[  66% ] savepack | 正在保存文件：res://.godot/imported/FX_Fire02_Orb32px_Short_Behind_6x5.png-74f3d9bcb4dc93cef81dc701a0526de4.ctex
[  66% ] savepack | 正在保存文件：res://Sprites/effect/02 Green FX/FX_Fire02_Orb32px_Short_Behind_6x5.png.import
[  66% ] savepack | 正在保存文件：res://.godot/imported/FX_Fire02_Orb32px_Short_Full_6x5.png-0215126ed4b2323c5bc07cfd339b0184.ctex
[  66% ] savepack | 正在保存文件：res://Sprites/effect/02 Green FX/FX_Fire02_Orb32px_Short_Full_6x5.png.import
[  67% ] savepack | 正在保存文件：res://.godot/imported/FX_Fire02_Orb32px_Short_InFront_6x5.png-b7fb408889aeb1c25fb5eaa9096f0afe.ctex
[  67% ] savepack | 正在保存文件：res://Sprites/effect/02 Green FX/FX_Fire02_Orb32px_Short_InFront_6x5.png.import
[  67% ] savepack | 正在保存文件：res://.godot/imported/FX_Fire02_Orb48px_Long_Behind_6x5.png-7c1140ad6b317e8d72b1be8f97738620.ctex
[  67% ] savepack | 正在保存文件：res://Sprites/effect/02 Green FX/FX_Fire02_Orb48px_Long_Behind_6x5.png.import
[  67% ] savepack | 正在保存文件：res://.godot/imported/FX_Fire02_Orb48px_Long_Full_6x5.png-02866255ff1f020854decd67bb1481ca.ctex
[  67% ] savepack | 正在保存文件：res://Sprites/effect/02 Green FX/FX_Fire02_Orb48px_Long_Full_6x5.png.import
[  67% ] savepack | 正在保存文件：res://.godot/imported/FX_Fire02_Orb48px_Long_InFront_6x5.png-a1b5e3ac1a744e09f658bc378cc7f7a1.ctex
[  67% ] savepack | 正在保存文件：res://Sprites/effect/02 Green FX/FX_Fire02_Orb48px_Long_InFront_6x5.png.import
[  67% ] savepack | 正在保存文件：res://.godot/imported/FX_Fire02_Orb48px_Short_Behind_6x5.png-770d86a4d722b99e565553079a0ba883.ctex
[  67% ] savepack | 正在保存文件：res://Sprites/effect/02 Green FX/FX_Fire02_Orb48px_Short_Behind_6x5.png.import
[  67% ] savepack | 正在保存文件：res://.godot/imported/FX_Fire02_Orb48px_Short_Full_6x5.png-32fcd6423dd54b8a3ccdfbde8be89d94.ctex
[  67% ] savepack | 正在保存文件：res://Sprites/effect/02 Green FX/FX_Fire02_Orb48px_Short_Full_6x5.png.import
[  67% ] savepack | 正在保存文件：res://.godot/imported/FX_Fire02_Orb48px_Short_InFront_6x5.png-18c74df8001d6ad7f4a26cbc7841cab8.ctex
[  67% ] savepack | 正在保存文件：res://Sprites/effect/02 Green FX/FX_Fire02_Orb48px_Short_InFront_6x5.png.import
[  67% ] savepack | 正在保存文件：res://.godot/imported/FX_Fire02_OrbIso32px_Long_Behind_6x5.png-2adbf779dfa18b33fa487a043a8903e0.ctex
[  67% ] savepack | 正在保存文件：res://Sprites/effect/02 Green FX/FX_Fire02_OrbIso32px_Long_Behind_6x5.png.import
[  67% ] savepack | 正在保存文件：res://.godot/imported/FX_Fire02_OrbIso32px_Long_Full_6x5.png-e8958baaca7a0a0ab115d37267969f9c.ctex
[  67% ] savepack | 正在保存文件：res://Sprites/effect/02 Green FX/FX_Fire02_OrbIso32px_Long_Full_6x5.png.import
[  67% ] savepack | 正在保存文件：res://.godot/imported/FX_Fire02_OrbIso32px_Long_InFront_6x5.png-7e54fff9676133c10754335abb6a3f94.ctex
[  67% ] savepack | 正在保存文件：res://Sprites/effect/02 Green FX/FX_Fire02_OrbIso32px_Long_InFront_6x5.png.import
[  67% ] savepack | 正在保存文件：res://.godot/imported/FX_Fire02_OrbIso32px_Short_Behind_6x5.png-a14169b8689dff42e5820735a8b00754.ctex
[  67% ] savepack | 正在保存文件：res://Sprites/effect/02 Green FX/FX_Fire02_OrbIso32px_Short_Behind_6x5.png.import
[  67% ] savepack | 正在保存文件：res://.godot/imported/FX_Fire02_OrbIso32px_Short_Full_6x5.png-48141d40db82641e3b82e537535ea4f3.ctex
[  67% ] savepack | 正在保存文件：res://Sprites/effect/02 Green FX/FX_Fire02_OrbIso32px_Short_Full_6x5.png.import
[  67% ] savepack | 正在保存文件：res://.godot/imported/FX_Fire02_OrbIso32px_Short_InFront_6x5.png-b5d966d6eb47e82a053a155a10cede68.ctex
[  67% ] savepack | 正在保存文件：res://Sprites/effect/02 Green FX/FX_Fire02_OrbIso32px_Short_InFront_6x5.png.import
[  68% ] savepack | 正在保存文件：res://.godot/imported/FX_Fire02_OrbIso48px_Long_Behind_6x5.png-cb84422e7212310409b9cc5fa6bc5cc4.ctex
[  68% ] savepack | 正在保存文件：res://Sprites/effect/02 Green FX/FX_Fire02_OrbIso48px_Long_Behind_6x5.png.import
[  68% ] savepack | 正在保存文件：res://.godot/imported/FX_Fire02_OrbIso48px_Long_Full_6x5.png-a4883c72ea0129201d722665c25444dd.ctex
[  68% ] savepack | 正在保存文件：res://Sprites/effect/02 Green FX/FX_Fire02_OrbIso48px_Long_Full_6x5.png.import
[  68% ] savepack | 正在保存文件：res://.godot/imported/FX_Fire02_OrbIso48px_Long_InFront_6x5.png-11578cc1dfeab64c69f8e5418550aeb2.ctex
[  68% ] savepack | 正在保存文件：res://Sprites/effect/02 Green FX/FX_Fire02_OrbIso48px_Long_InFront_6x5.png.import
[  68% ] savepack | 正在保存文件：res://.godot/imported/FX_Fire02_OrbIso48px_Short_Behind_6x5.png-1621757806a9c4076d41e229d8e0032b.ctex
[  68% ] savepack | 正在保存文件：res://Sprites/effect/02 Green FX/FX_Fire02_OrbIso48px_Short_Behind_6x5.png.import
[  68% ] savepack | 正在保存文件：res://.godot/imported/FX_Fire02_OrbIso48px_Short_Full_6x5.png-9522e4f7f5dd65cb8ae8d3738ff86b80.ctex
[  68% ] savepack | 正在保存文件：res://Sprites/effect/02 Green FX/FX_Fire02_OrbIso48px_Short_Full_6x5.png.import
[  68% ] savepack | 正在保存文件：res://.godot/imported/FX_Fire02_OrbIso48px_Short_InFront_6x5.png-9e0d2299c0b1156c79d17af9a1ee1946.ctex
[  68% ] savepack | 正在保存文件：res://Sprites/effect/02 Green FX/FX_Fire02_OrbIso48px_Short_InFront_6x5.png.import
[  68% ] savepack | 正在保存文件：res://.godot/imported/FX_Fire02_Real01_6x6.png-f82116bc18b4f477228330b5033d98fc.ctex
[  68% ] savepack | 正在保存文件：res://Sprites/effect/02 Green FX/FX_Fire02_Real01_6x6.png.import
[  68% ] savepack | 正在保存文件：res://.godot/imported/FX_Fire02_Real02_8x11.png-3b051b0aeceedfd547e48e8875685e18.ctex
[  68% ] savepack | 正在保存文件：res://Sprites/effect/02 Green FX/FX_Fire02_Real02_8x11.png.import
[  68% ] savepack | 正在保存文件：res://.godot/imported/FX_Fire02_ShockWave_6x4.png-fedb77e2b5968563fcfd53bec14f3420.ctex
[  68% ] savepack | 正在保存文件：res://Sprites/effect/02 Green FX/FX_Fire02_ShockWave_6x4.png.import
[  68% ] savepack | 正在保存文件：res://.godot/imported/FX_Fire02_Square32px_8x6.png-6d2e447f4089e1dae3b8fed10cd99404.ctex
[  68% ] savepack | 正在保存文件：res://Sprites/effect/02 Green FX/FX_Fire02_Square32px_8x6.png.import
[  68% ] savepack | 正在保存文件：res://.godot/imported/FX_Fire02_Square48px_8x6.png-54215b454e71c192d54f883e200290aa.ctex
[  68% ] savepack | 正在保存文件：res://Sprites/effect/02 Green FX/FX_Fire02_Square48px_8x6.png.import
[  68% ] savepack | 正在保存文件：res://.godot/imported/FX_Fire02_Square96px_8x6.png-52aa2d102d680efbfec3cea03ae8ff5e.ctex
[  68% ] savepack | 正在保存文件：res://Sprites/effect/02 Green FX/FX_Fire02_Square96px_8x6.png.import
[  68% ] savepack | 正在保存文件：res://.godot/imported/FX_Fire03_Circle32px_8x6.png-a083ff1cf7124d84f70436db50186802.ctex
[  68% ] savepack | 正在保存文件：res://Sprites/effect/03 Purple FX/FX_Fire03_Circle32px_8x6.png.import
[  68% ] savepack | 正在保存文件：res://.godot/imported/FX_Fire03_Circle64px_8x6.png-3d3693a7078b083eb45a2d4785943518.ctex
[  68% ] savepack | 正在保存文件：res://Sprites/effect/03 Purple FX/FX_Fire03_Circle64px_8x6.png.import
[  69% ] savepack | 正在保存文件：res://.godot/imported/FX_Fire03_FlameCartoon_L01_7x1.png-b2bb0c85b6900aae8bb23aecf9b86bc2.ctex
[  69% ] savepack | 正在保存文件：res://Sprites/effect/03 Purple FX/FX_Fire03_FlameCartoon_L01_7x1.png.import
[  69% ] savepack | 正在保存文件：res://.godot/imported/FX_Fire03_FlameCartoon_M01_7x1.png-594460ecdcfe12ab413709229d50d3c0.ctex
[  69% ] savepack | 正在保存文件：res://Sprites/effect/03 Purple FX/FX_Fire03_FlameCartoon_M01_7x1.png.import
[  69% ] savepack | 正在保存文件：res://.godot/imported/FX_Fire03_FlameCartoon_M02_7x1.png-c28115e05b0dd29d25f8bf7c4852090d.ctex
[  69% ] savepack | 正在保存文件：res://Sprites/effect/03 Purple FX/FX_Fire03_FlameCartoon_M02_7x1.png.import
[  69% ] savepack | 正在保存文件：res://.godot/imported/FX_Fire03_FlameCartoon_M03_7x1.png-31590bdd643430acf7ac73e71a928782.ctex
[  69% ] savepack | 正在保存文件：res://Sprites/effect/03 Purple FX/FX_Fire03_FlameCartoon_M03_7x1.png.import
[  69% ] savepack | 正在保存文件：res://.godot/imported/FX_Fire03_FlameCartoon_M04_7x1.png-6b98c0b55875b12bf80e0fa91de55dcf.ctex
[  69% ] savepack | 正在保存文件：res://Sprites/effect/03 Purple FX/FX_Fire03_FlameCartoon_M04_7x1.png.import
[  69% ] savepack | 正在保存文件：res://.godot/imported/FX_Fire03_FlameCartoon_S01_7x1.png-6755a0b83eba5a05e96bdadfc11947b1.ctex
[  69% ] savepack | 正在保存文件：res://Sprites/effect/03 Purple FX/FX_Fire03_FlameCartoon_S01_7x1.png.import
[  69% ] savepack | 正在保存文件：res://.godot/imported/FX_Fire03_FlameCartoon_S02_7x1.png-e861f0c689bad450bb8ddb2c15df2d2d.ctex
[  69% ] savepack | 正在保存文件：res://Sprites/effect/03 Purple FX/FX_Fire03_FlameCartoon_S02_7x1.png.import
[  69% ] savepack | 正在保存文件：res://.godot/imported/FX_Fire03_FlameCartoon_S03_7x1.png-8ba70cef23867e43db5544b525f0097e.ctex
[  69% ] savepack | 正在保存文件：res://Sprites/effect/03 Purple FX/FX_Fire03_FlameCartoon_S03_7x1.png.import
[  69% ] savepack | 正在保存文件：res://.godot/imported/FX_Fire03_FlameThrower01_20x1.png-f82846d6273cf1c398cfca9ce26aa83f.ctex
[  69% ] savepack | 正在保存文件：res://Sprites/effect/03 Purple FX/FX_Fire03_FlameThrower01_20x1.png.import
[  69% ] savepack | 正在保存文件：res://.godot/imported/FX_Fire03_FlameThrower02_Loop_6x6.png-47dcbec2af0cace197bf11feb790d1a1.ctex
[  69% ] savepack | 正在保存文件：res://Sprites/effect/03 Purple FX/FX_Fire03_FlameThrower02_Loop_6x6.png.import
[  69% ] savepack | 正在保存文件：res://.godot/imported/FX_Fire03_Flame_Big_6x6.png-0d3aedf20efe345563458880327308d6.ctex
[  69% ] savepack | 正在保存文件：res://Sprites/effect/03 Purple FX/FX_Fire03_Flame_Big_6x6.png.import
[  69% ] savepack | 正在保存文件：res://.godot/imported/FX_Fire03_Flame_Regular_6x4.png-3c833563532894962b9461d59cb823cf.ctex
[  69% ] savepack | 正在保存文件：res://Sprites/effect/03 Purple FX/FX_Fire03_Flame_Regular_6x4.png.import
[  69% ] savepack | 正在保存文件：res://.godot/imported/FX_Fire03_Flame_Wider_4x6.png-f727c0c82998bb074613af69d228d88d.ctex
[  69% ] savepack | 正在保存文件：res://Sprites/effect/03 Purple FX/FX_Fire03_Flame_Wider_4x6.png.import
[  70% ] savepack | 正在保存文件：res://.godot/imported/FX_Fire03_Flame_Wide_6x4.png-07982684617d61a64e52a6724d6bccff.ctex
[  70% ] savepack | 正在保存文件：res://Sprites/effect/03 Purple FX/FX_Fire03_Flame_Wide_6x4.png.import
[  70% ] savepack | 正在保存文件：res://.godot/imported/FX_Fire03_Orb32px_Long_Behind_6x5.png-e778668d9515471aefe2b999ef79fa47.ctex
[  70% ] savepack | 正在保存文件：res://Sprites/effect/03 Purple FX/FX_Fire03_Orb32px_Long_Behind_6x5.png.import
[  70% ] savepack | 正在保存文件：res://.godot/imported/FX_Fire03_Orb32px_Long_Full_6x5.png-287191abfaac71b38e9226e01c773434.ctex
[  70% ] savepack | 正在保存文件：res://Sprites/effect/03 Purple FX/FX_Fire03_Orb32px_Long_Full_6x5.png.import
[  70% ] savepack | 正在保存文件：res://.godot/imported/FX_Fire03_Orb32px_Long_InFront_6x5.png-3c4971fe6d6e034990726657cafe07c2.ctex
[  70% ] savepack | 正在保存文件：res://Sprites/effect/03 Purple FX/FX_Fire03_Orb32px_Long_InFront_6x5.png.import
[  70% ] savepack | 正在保存文件：res://.godot/imported/FX_Fire03_Orb32px_Short_Behind_6x5.png-87ff6fb2257631331e39c56b00ffb88a.ctex
[  70% ] savepack | 正在保存文件：res://Sprites/effect/03 Purple FX/FX_Fire03_Orb32px_Short_Behind_6x5.png.import
[  70% ] savepack | 正在保存文件：res://.godot/imported/FX_Fire03_Orb32px_Short_Full_6x5.png-591c479dad9c04c40343a3537cb2df7f.ctex
[  70% ] savepack | 正在保存文件：res://Sprites/effect/03 Purple FX/FX_Fire03_Orb32px_Short_Full_6x5.png.import
[  70% ] savepack | 正在保存文件：res://.godot/imported/FX_Fire03_Orb32px_Short_InFront_6x5.png-2c3c81ba4fd64d2ad55a347ddd53c85f.ctex
[  70% ] savepack | 正在保存文件：res://Sprites/effect/03 Purple FX/FX_Fire03_Orb32px_Short_InFront_6x5.png.import
[  70% ] savepack | 正在保存文件：res://.godot/imported/FX_Fire03_Orb48px_Long_Behind_6x5.png-9c5dda0dc9d94175aed93e7427c73b71.ctex
[  70% ] savepack | 正在保存文件：res://Sprites/effect/03 Purple FX/FX_Fire03_Orb48px_Long_Behind_6x5.png.import
[  70% ] savepack | 正在保存文件：res://.godot/imported/FX_Fire03_Orb48px_Long_Full_6x5.png-f37a71eee9401ae70db2156395beb3bd.ctex
[  70% ] savepack | 正在保存文件：res://Sprites/effect/03 Purple FX/FX_Fire03_Orb48px_Long_Full_6x5.png.import
[  70% ] savepack | 正在保存文件：res://.godot/imported/FX_Fire03_Orb48px_Long_InFront_6x5.png-e6b3e4ebfb8c11ea23c0e88ba38050d6.ctex
[  70% ] savepack | 正在保存文件：res://Sprites/effect/03 Purple FX/FX_Fire03_Orb48px_Long_InFront_6x5.png.import
[  70% ] savepack | 正在保存文件：res://.godot/imported/FX_Fire03_Orb48px_Short_Behind_6x5.png-f4b7e15357b3a0c4d8cfb6b9243b239d.ctex
[  70% ] savepack | 正在保存文件：res://Sprites/effect/03 Purple FX/FX_Fire03_Orb48px_Short_Behind_6x5.png.import
[  70% ] savepack | 正在保存文件：res://.godot/imported/FX_Fire03_Orb48px_Short_Full_6x5.png-0b0bf45d02f7caa743342ba6092c5bd9.ctex
[  70% ] savepack | 正在保存文件：res://Sprites/effect/03 Purple FX/FX_Fire03_Orb48px_Short_Full_6x5.png.import
[  70% ] savepack | 正在保存文件：res://.godot/imported/FX_Fire03_Orb48px_Short_InFront_6x5.png-06272a2db151ef7413763addf2394990.ctex
[  70% ] savepack | 正在保存文件：res://Sprites/effect/03 Purple FX/FX_Fire03_Orb48px_Short_InFront_6x5.png.import
[  70% ] savepack | 正在保存文件：res://.godot/imported/FX_Fire03_OrbIso32px_Long_Behind_6x5.png-339ff7a94f5a4bfb3f7bc60941ae991a.ctex
[  70% ] savepack | 正在保存文件：res://Sprites/effect/03 Purple FX/FX_Fire03_OrbIso32px_Long_Behind_6x5.png.import
[  71% ] savepack | 正在保存文件：res://.godot/imported/FX_Fire03_OrbIso32px_Long_Full_6x5.png-b60c5a711702fa153b46119bb5c50b69.ctex
[  71% ] savepack | 正在保存文件：res://Sprites/effect/03 Purple FX/FX_Fire03_OrbIso32px_Long_Full_6x5.png.import
[  71% ] savepack | 正在保存文件：res://.godot/imported/FX_Fire03_OrbIso32px_Long_InFront_6x5.png-c58a09612afe02689f4c9e2f9c90b942.ctex
[  71% ] savepack | 正在保存文件：res://Sprites/effect/03 Purple FX/FX_Fire03_OrbIso32px_Long_InFront_6x5.png.import
[  71% ] savepack | 正在保存文件：res://.godot/imported/FX_Fire03_OrbIso32px_Short_Behind_6x5.png-6d79582761cd9134aea9a26fb4944816.ctex
[  71% ] savepack | 正在保存文件：res://Sprites/effect/03 Purple FX/FX_Fire03_OrbIso32px_Short_Behind_6x5.png.import
[  71% ] savepack | 正在保存文件：res://.godot/imported/FX_Fire03_OrbIso32px_Short_Full_6x5.png-0efb2685f0ada88047dc3c3c025092d8.ctex
[  71% ] savepack | 正在保存文件：res://Sprites/effect/03 Purple FX/FX_Fire03_OrbIso32px_Short_Full_6x5.png.import
[  71% ] savepack | 正在保存文件：res://.godot/imported/FX_Fire03_OrbIso32px_Short_InFront_6x5.png-1f922f9e47a23c1e77c56077e8ea140a.ctex
[  71% ] savepack | 正在保存文件：res://Sprites/effect/03 Purple FX/FX_Fire03_OrbIso32px_Short_InFront_6x5.png.import
[  71% ] savepack | 正在保存文件：res://.godot/imported/FX_Fire03_OrbIso48px_Long_Behind_6x5.png-c7fc71f8014764410308a9e3f3694b71.ctex
[  71% ] savepack | 正在保存文件：res://Sprites/effect/03 Purple FX/FX_Fire03_OrbIso48px_Long_Behind_6x5.png.import
[  71% ] savepack | 正在保存文件：res://.godot/imported/FX_Fire03_OrbIso48px_Long_Full_6x5.png-3f2fec330bee5d14519f6e960ee19e13.ctex
[  71% ] savepack | 正在保存文件：res://Sprites/effect/03 Purple FX/FX_Fire03_OrbIso48px_Long_Full_6x5.png.import
[  71% ] savepack | 正在保存文件：res://.godot/imported/FX_Fire03_OrbIso48px_Long_InFront_6x5.png-43ad84be44890694913e931e64111d7b.ctex
[  71% ] savepack | 正在保存文件：res://Sprites/effect/03 Purple FX/FX_Fire03_OrbIso48px_Long_InFront_6x5.png.import
[  71% ] savepack | 正在保存文件：res://.godot/imported/FX_Fire03_OrbIso48px_Short_Behind_6x5.png-2365c6e54450490e34a88339a0b34918.ctex
[  71% ] savepack | 正在保存文件：res://Sprites/effect/03 Purple FX/FX_Fire03_OrbIso48px_Short_Behind_6x5.png.import
[  71% ] savepack | 正在保存文件：res://.godot/imported/FX_Fire03_OrbIso48px_Short_Full_6x5.png-bafbfcd9e5936748601df813129a04de.ctex
[  71% ] savepack | 正在保存文件：res://Sprites/effect/03 Purple FX/FX_Fire03_OrbIso48px_Short_Full_6x5.png.import
[  71% ] savepack | 正在保存文件：res://.godot/imported/FX_Fire03_OrbIso48px_Short_InFront_6x5.png-8bcb89a0d5300f1a1fa410998a6608be.ctex
[  71% ] savepack | 正在保存文件：res://Sprites/effect/03 Purple FX/FX_Fire03_OrbIso48px_Short_InFront_6x5.png.import
[  71% ] savepack | 正在保存文件：res://.godot/imported/FX_Fire03_Real01_6x6.png-cd1c5846d8a2cc9f6e9130f0b1195314.ctex
[  71% ] savepack | 正在保存文件：res://Sprites/effect/03 Purple FX/FX_Fire03_Real01_6x6.png.import
[  71% ] savepack | 正在保存文件：res://.godot/imported/FX_Fire03_Real02_8x11.png-1513700604d8ef5aef42e035b09304e0.ctex
[  71% ] savepack | 正在保存文件：res://Sprites/effect/03 Purple FX/FX_Fire03_Real02_8x11.png.import
[  72% ] savepack | 正在保存文件：res://.godot/imported/FX_Fire03_ShockWave_6x4.png-b80ca709bfe36706649d20c08f03d4ec.ctex
[  72% ] savepack | 正在保存文件：res://Sprites/effect/03 Purple FX/FX_Fire03_ShockWave_6x4.png.import
[  72% ] savepack | 正在保存文件：res://.godot/imported/FX_Fire03_Square32px_8x6.png-7d0f289325c5b0ca8650f3d510aa8bd2.ctex
[  72% ] savepack | 正在保存文件：res://Sprites/effect/03 Purple FX/FX_Fire03_Square32px_8x6.png.import
[  72% ] savepack | 正在保存文件：res://.godot/imported/FX_Fire03_Square48px_8x6.png-2ab280b6725bb3ae94dbdfdaab15daf0.ctex
[  72% ] savepack | 正在保存文件：res://Sprites/effect/03 Purple FX/FX_Fire03_Square48px_8x6.png.import
[  72% ] savepack | 正在保存文件：res://.godot/imported/FX_Fire03_Square96px_8x6.png-39e1d0bf422ab51c73282afa3135d0dc.ctex
[  72% ] savepack | 正在保存文件：res://Sprites/effect/03 Purple FX/FX_Fire03_Square96px_8x6.png.import
[  72% ] savepack | 正在保存文件：res://.godot/imported/circle_01.png-5b238e8b60ef365e3e7e5ac616d75b60.ctex
[  72% ] savepack | 正在保存文件：res://Sprites/effect/part/circle_01.png.import
[  72% ] savepack | 正在保存文件：res://.godot/imported/circle_02.png-f6ddf3d50a16e6c6b5dfc9a00f6e11f1.ctex
[  72% ] savepack | 正在保存文件：res://Sprites/effect/part/circle_02.png.import
[  72% ] savepack | 正在保存文件：res://.godot/imported/circle_03.png-96fc6494841d1df76aa72ef32f7c23d0.ctex
[  72% ] savepack | 正在保存文件：res://Sprites/effect/part/circle_03.png.import
[  72% ] savepack | 正在保存文件：res://.godot/imported/circle_04.png-705b9affcb96cf23aead59a70a57602a.ctex
[  72% ] savepack | 正在保存文件：res://Sprites/effect/part/circle_04.png.import
[  72% ] savepack | 正在保存文件：res://.godot/imported/circle_05.png-ae1132bbbf70187ef196e1b233000b02.ctex
[  72% ] savepack | 正在保存文件：res://Sprites/effect/part/circle_05.png.import
[  72% ] savepack | 正在保存文件：res://.godot/imported/dirt_01.png-84e372105708760b89126f2a08bdb003.ctex
[  72% ] savepack | 正在保存文件：res://Sprites/effect/part/dirt_01.png.import
[  72% ] savepack | 正在保存文件：res://.godot/imported/dirt_02.png-bb65e070a094433cc9edf71352791005.ctex
[  72% ] savepack | 正在保存文件：res://Sprites/effect/part/dirt_02.png.import
[  72% ] savepack | 正在保存文件：res://.godot/imported/dirt_03.png-2c7534e982b963052024f75738436194.ctex
[  72% ] savepack | 正在保存文件：res://Sprites/effect/part/dirt_03.png.import
[  72% ] savepack | 正在保存文件：res://.godot/imported/fire_01.png-bfefc161fa051aabcab025c3234fd553.ctex
[  72% ] savepack | 正在保存文件：res://Sprites/effect/part/fire_01.png.import
[  72% ] savepack | 正在保存文件：res://.godot/imported/fire_02.png-73b53060f89b59755ea4204cc5c0bacd.ctex
[  72% ] savepack | 正在保存文件：res://Sprites/effect/part/fire_02.png.import
[  73% ] savepack | 正在保存文件：res://.godot/imported/flame_01.png-b581950833d07d8a912640e991429302.ctex
[  73% ] savepack | 正在保存文件：res://Sprites/effect/part/flame_01.png.import
[  73% ] savepack | 正在保存文件：res://.godot/imported/flame_02.png-521920ccc717d1ec1b877b1de6ee4871.ctex
[  73% ] savepack | 正在保存文件：res://Sprites/effect/part/flame_02.png.import
[  73% ] savepack | 正在保存文件：res://.godot/imported/flame_03.png-afe5646cd242355dd4bd2bbbcbc26e98.ctex
[  73% ] savepack | 正在保存文件：res://Sprites/effect/part/flame_03.png.import
[  73% ] savepack | 正在保存文件：res://.godot/imported/flame_04.png-c2648f2e6099ae1eb0df337e10007c2b.ctex
[  73% ] savepack | 正在保存文件：res://Sprites/effect/part/flame_04.png.import
[  73% ] savepack | 正在保存文件：res://.godot/imported/flame_05.png-d692119f0c2fc513c519f3e50dddbff8.ctex
[  73% ] savepack | 正在保存文件：res://Sprites/effect/part/flame_05.png.import
[  73% ] savepack | 正在保存文件：res://.godot/imported/flame_06.png-b029787fddc6c986dddf4b3d1d1d9474.ctex
[  73% ] savepack | 正在保存文件：res://Sprites/effect/part/flame_06.png.import
[  73% ] savepack | 正在保存文件：res://.godot/imported/flare_01.png-b2e877a5fbf6ccbf34a6d1068fbc28ad.ctex
[  73% ] savepack | 正在保存文件：res://Sprites/effect/part/flare_01.png.import
[  73% ] savepack | 正在保存文件：res://.godot/imported/light_01.png-f3db1c326ba6fb4ce38a6966a480d9c4.ctex
[  73% ] savepack | 正在保存文件：res://Sprites/effect/part/light_01.png.import
[  73% ] savepack | 正在保存文件：res://.godot/imported/light_02.png-bba2f757cf34938435375e7e7ef6300c.ctex
[  73% ] savepack | 正在保存文件：res://Sprites/effect/part/light_02.png.import
[  73% ] savepack | 正在保存文件：res://.godot/imported/light_03.png-023d45f1e8fd0daf44e273ce63992a99.ctex
[  73% ] savepack | 正在保存文件：res://Sprites/effect/part/light_03.png.import
[  73% ] savepack | 正在保存文件：res://.godot/imported/magic_01.png-a012b69eed3e28de54d384335e714bf6.ctex
[  73% ] savepack | 正在保存文件：res://Sprites/effect/part/magic_01.png.import
[  73% ] savepack | 正在保存文件：res://.godot/imported/magic_02.png-46a255537c47f67ee575dfe44a19082b.ctex
[  73% ] savepack | 正在保存文件：res://Sprites/effect/part/magic_02.png.import
[  73% ] savepack | 正在保存文件：res://.godot/imported/magic_03.png-f83d6f38c698a61ccd639f3ba1a47221.ctex
[  73% ] savepack | 正在保存文件：res://Sprites/effect/part/magic_03.png.import
[  74% ] savepack | 正在保存文件：res://.godot/imported/magic_04.png-b08448e6a59bb1f1157a4b931dd60c37.ctex
[  74% ] savepack | 正在保存文件：res://Sprites/effect/part/magic_04.png.import
[  74% ] savepack | 正在保存文件：res://.godot/imported/magic_05.png-7759893170fb7a4d41e6c84d7c66637e.ctex
[  74% ] savepack | 正在保存文件：res://Sprites/effect/part/magic_05.png.import
[  74% ] savepack | 正在保存文件：res://.godot/imported/muzzle_01.png-2a4d918f13a0d0454226c9aed1c28d62.ctex
[  74% ] savepack | 正在保存文件：res://Sprites/effect/part/muzzle_01.png.import
[  74% ] savepack | 正在保存文件：res://.godot/imported/muzzle_02.png-778abf6f39379fecfdefeb60186f0289.ctex
[  74% ] savepack | 正在保存文件：res://Sprites/effect/part/muzzle_02.png.import
[  74% ] savepack | 正在保存文件：res://.godot/imported/muzzle_03.png-d62f1574072bc9b560afa4584a426b42.ctex
[  74% ] savepack | 正在保存文件：res://Sprites/effect/part/muzzle_03.png.import
[  74% ] savepack | 正在保存文件：res://.godot/imported/muzzle_04.png-9b5ec406d1982f6bb15a7d099c2d7ca0.ctex
[  74% ] savepack | 正在保存文件：res://Sprites/effect/part/muzzle_04.png.import
[  74% ] savepack | 正在保存文件：res://.godot/imported/muzzle_05.png-195d0c7fde94c90b28e4640720ea813b.ctex
[  74% ] savepack | 正在保存文件：res://Sprites/effect/part/muzzle_05.png.import
[  74% ] savepack | 正在保存文件：res://.godot/imported/scorch_01.png-019fdda315dad465b5872f6fc4e6fc7e.ctex
[  74% ] savepack | 正在保存文件：res://Sprites/effect/part/scorch_01.png.import
[  74% ] savepack | 正在保存文件：res://.godot/imported/scorch_02.png-89054ac08cf6ae73c8e14807834274d1.ctex
[  74% ] savepack | 正在保存文件：res://Sprites/effect/part/scorch_02.png.import
[  74% ] savepack | 正在保存文件：res://.godot/imported/scorch_03.png-ddb1024a2da1caa3400d51515a80f9f2.ctex
[  74% ] savepack | 正在保存文件：res://Sprites/effect/part/scorch_03.png.import
[  74% ] savepack | 正在保存文件：res://.godot/imported/scratch_01.png-6e378ae5b3605af417c9d70234d6de36.ctex
[  74% ] savepack | 正在保存文件：res://Sprites/effect/part/scratch_01.png.import
[  74% ] savepack | 正在保存文件：res://.godot/imported/slash_01.png-b438551f9fd4149772181930f530c5c1.ctex
[  74% ] savepack | 正在保存文件：res://Sprites/effect/part/slash_01.png.import
[  74% ] savepack | 正在保存文件：res://.godot/imported/slash_02.png-30662a2c65327d44165b67c01b1194c2.ctex
[  74% ] savepack | 正在保存文件：res://Sprites/effect/part/slash_02.png.import
[  74% ] savepack | 正在保存文件：res://.godot/imported/slash_03.png-5da989f341e85c37fd86e1fc409df233.ctex
[  74% ] savepack | 正在保存文件：res://Sprites/effect/part/slash_03.png.import
[  75% ] savepack | 正在保存文件：res://.godot/imported/slash_04.png-35bbfe841f858458d4242407e50a2eeb.ctex
[  75% ] savepack | 正在保存文件：res://Sprites/effect/part/slash_04.png.import
[  75% ] savepack | 正在保存文件：res://.godot/imported/smoke_01.png-6ce64914cf8651660f61fcc89a800271.ctex
[  75% ] savepack | 正在保存文件：res://Sprites/effect/part/smoke_01.png.import
[  75% ] savepack | 正在保存文件：res://.godot/imported/smoke_02.png-ed8f019e7b04d56c6ddda92e74c1fdf0.ctex
[  75% ] savepack | 正在保存文件：res://Sprites/effect/part/smoke_02.png.import
[  75% ] savepack | 正在保存文件：res://.godot/imported/smoke_03.png-a0ef76e85ce3216a205de986c74e1904.ctex
[  75% ] savepack | 正在保存文件：res://Sprites/effect/part/smoke_03.png.import
[  75% ] savepack | 正在保存文件：res://.godot/imported/smoke_04.png-72a415b0be3b962a07f2e18fa9f0e640.ctex
[  75% ] savepack | 正在保存文件：res://Sprites/effect/part/smoke_04.png.import
[  75% ] savepack | 正在保存文件：res://.godot/imported/smoke_05.png-62aee8fba747af84a0a92e90ad55199c.ctex
[  75% ] savepack | 正在保存文件：res://Sprites/effect/part/smoke_05.png.import
[  75% ] savepack | 正在保存文件：res://.godot/imported/smoke_06.png-cec36e156933fe7fde21650ac30de204.ctex
[  75% ] savepack | 正在保存文件：res://Sprites/effect/part/smoke_06.png.import
[  75% ] savepack | 正在保存文件：res://.godot/imported/smoke_07.png-ec7bead75f5e0bc2921268e0a45e3605.ctex
[  75% ] savepack | 正在保存文件：res://Sprites/effect/part/smoke_07.png.import
[  75% ] savepack | 正在保存文件：res://.godot/imported/smoke_08.png-9d1b452ddb072e7233aabc342a361b6e.ctex
[  75% ] savepack | 正在保存文件：res://Sprites/effect/part/smoke_08.png.import
[  75% ] savepack | 正在保存文件：res://.godot/imported/smoke_09.png-a8a76ec1a7b43f22f04b949a499c937f.ctex
[  75% ] savepack | 正在保存文件：res://Sprites/effect/part/smoke_09.png.import
[  75% ] savepack | 正在保存文件：res://.godot/imported/smoke_10.png-f82fa8ac813a80debd801038df3fac30.ctex
[  75% ] savepack | 正在保存文件：res://Sprites/effect/part/smoke_10.png.import
[  75% ] savepack | 正在保存文件：res://.godot/imported/spark_01.png-6a6a716838992e422ebaa874cf5a7a6f.ctex
[  75% ] savepack | 正在保存文件：res://Sprites/effect/part/spark_01.png.import
[  75% ] savepack | 正在保存文件：res://.godot/imported/spark_02.png-80bde53152967b093122a2ba17bfc4b6.ctex
[  75% ] savepack | 正在保存文件：res://Sprites/effect/part/spark_02.png.import
[  76% ] savepack | 正在保存文件：res://.godot/imported/spark_03.png-7e5c56e421987230ea2c39140c722a87.ctex
[  76% ] savepack | 正在保存文件：res://Sprites/effect/part/spark_03.png.import
[  76% ] savepack | 正在保存文件：res://.godot/imported/spark_04.png-364c22a8c735f4c0e1e4ecfbb863c3f9.ctex
[  76% ] savepack | 正在保存文件：res://Sprites/effect/part/spark_04.png.import
[  76% ] savepack | 正在保存文件：res://.godot/imported/spark_05.png-e8411579a6760d4f2601d2a506eb9ddf.ctex
[  76% ] savepack | 正在保存文件：res://Sprites/effect/part/spark_05.png.import
[  76% ] savepack | 正在保存文件：res://.godot/imported/spark_06.png-ced4c110fe5ef2ceb8578fbd36ae29e5.ctex
[  76% ] savepack | 正在保存文件：res://Sprites/effect/part/spark_06.png.import
[  76% ] savepack | 正在保存文件：res://.godot/imported/spark_07.png-036354a33ffe468be86ebb5fee9ab9b0.ctex
[  76% ] savepack | 正在保存文件：res://Sprites/effect/part/spark_07.png.import
[  76% ] savepack | 正在保存文件：res://.godot/imported/star_01.png-919029530637e285e37a2cff66af55c0.ctex
[  76% ] savepack | 正在保存文件：res://Sprites/effect/part/star_01.png.import
[  76% ] savepack | 正在保存文件：res://.godot/imported/star_02.png-67fa40a610d957abd77ae5f5877e2d89.ctex
[  76% ] savepack | 正在保存文件：res://Sprites/effect/part/star_02.png.import
[  76% ] savepack | 正在保存文件：res://.godot/imported/star_03.png-6585ce04019b35378f28e121534681ca.ctex
[  76% ] savepack | 正在保存文件：res://Sprites/effect/part/star_03.png.import
[  76% ] savepack | 正在保存文件：res://.godot/imported/star_04.png-ca8c68e769016f695e9f754c48918aa0.ctex
[  76% ] savepack | 正在保存文件：res://Sprites/effect/part/star_04.png.import
[  76% ] savepack | 正在保存文件：res://.godot/imported/star_05.png-716e879fba78fd1f4f81a998996bd909.ctex
[  76% ] savepack | 正在保存文件：res://Sprites/effect/part/star_05.png.import
[  76% ] savepack | 正在保存文件：res://.godot/imported/star_06.png-fdd3e576e9c5c5789cbc2c6045a88fbe.ctex
[  76% ] savepack | 正在保存文件：res://Sprites/effect/part/star_06.png.import
[  76% ] savepack | 正在保存文件：res://.godot/imported/star_07.png-49a97f4e2114725f9f4c2202be5d7f56.ctex
[  76% ] savepack | 正在保存文件：res://Sprites/effect/part/star_07.png.import
[  76% ] savepack | 正在保存文件：res://.godot/imported/star_08.png-3b4427bdc06fcdbc101b6be9d79f6215.ctex
[  76% ] savepack | 正在保存文件：res://Sprites/effect/part/star_08.png.import
[  76% ] savepack | 正在保存文件：res://.godot/imported/star_09.png-4333e9d5f3d4cd9c5f0b7550474bc0e9.ctex
[  76% ] savepack | 正在保存文件：res://Sprites/effect/part/star_09.png.import
[  77% ] savepack | 正在保存文件：res://.godot/imported/symbol_01.png-da3be519124fc9806113bf5b82dcdeaf.ctex
[  77% ] savepack | 正在保存文件：res://Sprites/effect/part/symbol_01.png.import
[  77% ] savepack | 正在保存文件：res://.godot/imported/symbol_02.png-bf35fb8866995586155ea9cf74f97c9f.ctex
[  77% ] savepack | 正在保存文件：res://Sprites/effect/part/symbol_02.png.import
[  77% ] savepack | 正在保存文件：res://.godot/imported/trace_01.png-33286008629987f9928f8ba8086d4057.ctex
[  77% ] savepack | 正在保存文件：res://Sprites/effect/part/trace_01.png.import
[  77% ] savepack | 正在保存文件：res://.godot/imported/trace_02.png-1a2476dddb12e60af88165e492b51007.ctex
[  77% ] savepack | 正在保存文件：res://Sprites/effect/part/trace_02.png.import
[  77% ] savepack | 正在保存文件：res://.godot/imported/trace_03.png-0e8b0d8e086d3e8dc2428994991e193d.ctex
[  77% ] savepack | 正在保存文件：res://Sprites/effect/part/trace_03.png.import
[  77% ] savepack | 正在保存文件：res://.godot/imported/trace_04.png-14bd2c3750a5713755383f4b64684b92.ctex
[  77% ] savepack | 正在保存文件：res://Sprites/effect/part/trace_04.png.import
[  77% ] savepack | 正在保存文件：res://.godot/imported/trace_05.png-ea352576c8a53e740a369e6af32db9f6.ctex
[  77% ] savepack | 正在保存文件：res://Sprites/effect/part/trace_05.png.import
[  77% ] savepack | 正在保存文件：res://.godot/imported/trace_06.png-15088c6d99c4e398c290a260507b3970.ctex
[  77% ] savepack | 正在保存文件：res://Sprites/effect/part/trace_06.png.import
[  77% ] savepack | 正在保存文件：res://.godot/imported/trace_07.png-48961acb8ccbb4d742f54b6edde5480e.ctex
[  77% ] savepack | 正在保存文件：res://Sprites/effect/part/trace_07.png.import
[  77% ] savepack | 正在保存文件：res://.godot/imported/twirl_01.png-ca619dc710aca3e229ef480d5ec89166.ctex
[  77% ] savepack | 正在保存文件：res://Sprites/effect/part/twirl_01.png.import
[  77% ] savepack | 正在保存文件：res://.godot/imported/twirl_02.png-78c7a5731b8c86e95d179d170d7fd250.ctex
[  77% ] savepack | 正在保存文件：res://Sprites/effect/part/twirl_02.png.import
[  77% ] savepack | 正在保存文件：res://.godot/imported/twirl_03.png-2071302e7c16bbcb8d58681850ec3af5.ctex
[  77% ] savepack | 正在保存文件：res://Sprites/effect/part/twirl_03.png.import
[  77% ] savepack | 正在保存文件：res://.godot/imported/window_01.png-6aea9cb9f6047e57c2f0a41d59a496e7.ctex
[  77% ] savepack | 正在保存文件：res://Sprites/effect/part/window_01.png.import
[  78% ] savepack | 正在保存文件：res://.godot/imported/window_02.png-3877d4f825326ba25b6fe1aff332d6c7.ctex
[  78% ] savepack | 正在保存文件：res://Sprites/effect/part/window_02.png.import
[  78% ] savepack | 正在保存文件：res://.godot/imported/window_03.png-9b79d4bc4c5416e5a406d86a3c89f9c9.ctex
[  78% ] savepack | 正在保存文件：res://Sprites/effect/part/window_03.png.import
[  78% ] savepack | 正在保存文件：res://.godot/imported/window_04.png-eb2892b7e7f7f33c77bdb75e449ba876.ctex
[  78% ] savepack | 正在保存文件：res://Sprites/effect/part/window_04.png.import
[  78% ] savepack | 正在保存文件：res://.godot/imported/Flame.png-bed813d24c57fb105709a931f9d1f87a.ctex
[  78% ] savepack | 正在保存文件：res://Sprites/effect/Flame.png.import
[  78% ] savepack | 正在保存文件：res://.godot/imported/stun.png-716c9b0291af0382ed9c435e109f1a1f.ctex
[  78% ] savepack | 正在保存文件：res://Sprites/effect/stun.png.import
[  78% ] savepack | 正在保存文件：res://.godot/imported/vfx_energy-Sheet.png-833bbc948ecdc6d9620a092931722b90.ctex
[  78% ] savepack | 正在保存文件：res://Sprites/effect/vfx_energy-Sheet.png.import
[  78% ] savepack | 正在保存文件：res://.godot/imported/vfx_free_pack_1-Sheet.png-6a72e507bebbb0af53fc72ac752e5330.ctex
[  78% ] savepack | 正在保存文件：res://Sprites/effect/vfx_free_pack_1-Sheet.png.import
[  78% ] savepack | 正在保存文件：res://.godot/imported/Slice 3.png-9ebb55097b6dadc5586b2abeb55d7a8a.ctex
[  78% ] savepack | 正在保存文件：res://Sprites/equip/Slice 3.png.import
[  78% ] savepack | 正在保存文件：res://.godot/imported/Slice 10.png-b962fc73b9541b90c7f5e5aec5f2f09a.ctex
[  78% ] savepack | 正在保存文件：res://Sprites/equip/Slice 10.png.import
[  78% ] savepack | 正在保存文件：res://.godot/imported/Icon1.png-4dd2f9f3e6309f7036b1dd0f7c014626.ctex
[  78% ] savepack | 正在保存文件：res://Sprites/icon/Icon1.png.import
[  78% ] savepack | 正在保存文件：res://.godot/imported/Icon2.png-0df6d70fe3d5248ed7083f24217a7523.ctex
[  78% ] savepack | 正在保存文件：res://Sprites/icon/Icon2.png.import
[  78% ] savepack | 正在保存文件：res://.godot/imported/Icon3.png-3e23bf5d535fedaa65a56479656e62d0.ctex
[  78% ] savepack | 正在保存文件：res://Sprites/icon/Icon3.png.import
[  78% ] savepack | 正在保存文件：res://.godot/imported/Icon4.png-cfba254a60571c0030a1723ec4ce94e0.ctex
[  78% ] savepack | 正在保存文件：res://Sprites/icon/Icon4.png.import
[  78% ] savepack | 正在保存文件：res://.godot/imported/Icon5.png-16d1f4aa448c33b288a30e67d5748124.ctex
[  78% ] savepack | 正在保存文件：res://Sprites/icon/Icon5.png.import
[  79% ] savepack | 正在保存文件：res://.godot/imported/Icon6.png-3714fa78e1c28be247af29fbb6321f04.ctex
[  79% ] savepack | 正在保存文件：res://Sprites/icon/Icon6.png.import
[  79% ] savepack | 正在保存文件：res://.godot/imported/Icon7.png-8cd643d79954601b9d3e91541767dca8.ctex
[  79% ] savepack | 正在保存文件：res://Sprites/icon/Icon7.png.import
[  79% ] savepack | 正在保存文件：res://.godot/imported/Icon8.png-4b2efd7d9bbd1c20fcf67e473a2c4731.ctex
[  79% ] savepack | 正在保存文件：res://Sprites/icon/Icon8.png.import
[  79% ] savepack | 正在保存文件：res://.godot/imported/Icon9.png-58aaef26c5a134e504bad5474e39e1fe.ctex
[  79% ] savepack | 正在保存文件：res://Sprites/icon/Icon9.png.import
[  79% ] savepack | 正在保存文件：res://.godot/imported/Icon10.png-8f48e092360a6c7227674a03af8a8933.ctex
[  79% ] savepack | 正在保存文件：res://Sprites/icon/Icon10.png.import
[  79% ] savepack | 正在保存文件：res://.godot/imported/Icon11.png-471f6c6bce04a297d30d03577c51f821.ctex
[  79% ] savepack | 正在保存文件：res://Sprites/icon/Icon11.png.import
[  79% ] savepack | 正在保存文件：res://.godot/imported/Icon12.png-af778ad6a2715fdad12ef036277c1ca5.ctex
[  79% ] savepack | 正在保存文件：res://Sprites/icon/Icon12.png.import
[  79% ] savepack | 正在保存文件：res://.godot/imported/Icon13.png-3afe6ef7e0339e28f0501de1732d823c.ctex
[  79% ] savepack | 正在保存文件：res://Sprites/icon/Icon13.png.import
[  79% ] savepack | 正在保存文件：res://.godot/imported/Icon14.png-5ab53f474f418993a6c1ff6ad8d6141b.ctex
[  79% ] savepack | 正在保存文件：res://Sprites/icon/Icon14.png.import
[  79% ] savepack | 正在保存文件：res://.godot/imported/Icon15.png-a20a382f1b64ed6bce36f31cebd29a05.ctex
[  79% ] savepack | 正在保存文件：res://Sprites/icon/Icon15.png.import
[  79% ] savepack | 正在保存文件：res://.godot/imported/Icon16.png-cf4b4b4afc6f61494c1b13667e39d931.ctex
[  79% ] savepack | 正在保存文件：res://Sprites/icon/Icon16.png.import
[  79% ] savepack | 正在保存文件：res://.godot/imported/Icon17.png-43cb1db1e7b71a4496e3293e96c0147e.ctex
[  79% ] savepack | 正在保存文件：res://Sprites/icon/Icon17.png.import
[  79% ] savepack | 正在保存文件：res://.godot/imported/Icon18.png-3452ba6983216ebd8930c6036a9c17ee.ctex
[  79% ] savepack | 正在保存文件：res://Sprites/icon/Icon18.png.import
[  80% ] savepack | 正在保存文件：res://.godot/imported/Icon19.png-c75e8a1a464aa47b24186a9cbf804bee.ctex
[  80% ] savepack | 正在保存文件：res://Sprites/icon/Icon19.png.import
[  80% ] savepack | 正在保存文件：res://.godot/imported/Icon20.png-3567f34fb0da658bbb9d11ecddbac3e1.ctex
[  80% ] savepack | 正在保存文件：res://Sprites/icon/Icon20.png.import
[  80% ] savepack | 正在保存文件：res://.godot/imported/Icon21.png-f220e709888c7f5a89853c2ab0af435b.ctex
[  80% ] savepack | 正在保存文件：res://Sprites/icon/Icon21.png.import
[  80% ] savepack | 正在保存文件：res://.godot/imported/Icon22.png-f768f82405f08d03509073ea6d8ab84e.ctex
[  80% ] savepack | 正在保存文件：res://Sprites/icon/Icon22.png.import
[  80% ] savepack | 正在保存文件：res://.godot/imported/Icon23.png-416e4b7e783769c2f4591d012ae5cd60.ctex
[  80% ] savepack | 正在保存文件：res://Sprites/icon/Icon23.png.import
[  80% ] savepack | 正在保存文件：res://.godot/imported/Icon24.png-03f45fd855c63d7e15763a5c1b7d2aa7.ctex
[  80% ] savepack | 正在保存文件：res://Sprites/icon/Icon24.png.import
[  80% ] savepack | 正在保存文件：res://.godot/imported/Icon25.png-d10f7c7e10daac64028db82e69873e62.ctex
[  80% ] savepack | 正在保存文件：res://Sprites/icon/Icon25.png.import
[  80% ] savepack | 正在保存文件：res://.godot/imported/Icon26.png-effe9f068a781e648efe81adaa296d6d.ctex
[  80% ] savepack | 正在保存文件：res://Sprites/icon/Icon26.png.import
[  80% ] savepack | 正在保存文件：res://.godot/imported/Icon27.png-39a8d20b45cb620f0fe64fd569f2dcf5.ctex
[  80% ] savepack | 正在保存文件：res://Sprites/icon/Icon27.png.import
[  80% ] savepack | 正在保存文件：res://.godot/imported/Icon28.png-dabc17584f5d45fb2c4306474d79823e.ctex
[  80% ] savepack | 正在保存文件：res://Sprites/icon/Icon28.png.import
[  80% ] savepack | 正在保存文件：res://.godot/imported/Icon29.png-b2da7c72a50354f623586b70b940de20.ctex
[  80% ] savepack | 正在保存文件：res://Sprites/icon/Icon29.png.import
[  80% ] savepack | 正在保存文件：res://.godot/imported/Icon30.png-12efbb66a4cf33958899f47b7f2e72aa.ctex
[  80% ] savepack | 正在保存文件：res://Sprites/icon/Icon30.png.import
[  80% ] savepack | 正在保存文件：res://.godot/imported/Icon31.png-79351ba4e9273f843701af275719bee5.ctex
[  80% ] savepack | 正在保存文件：res://Sprites/icon/Icon31.png.import
[  80% ] savepack | 正在保存文件：res://.godot/imported/Icon32.png-f0de42ff6829a1e9c2213dbbdae8353b.ctex
[  80% ] savepack | 正在保存文件：res://Sprites/icon/Icon32.png.import
[  81% ] savepack | 正在保存文件：res://.godot/imported/Icon33.png-1b09fb5bd77494764c64985a655ed567.ctex
[  81% ] savepack | 正在保存文件：res://Sprites/icon/Icon33.png.import
[  81% ] savepack | 正在保存文件：res://.godot/imported/Icon34.png-ec95e9230123d6570f9d12c61d15e8d1.ctex
[  81% ] savepack | 正在保存文件：res://Sprites/icon/Icon34.png.import
[  81% ] savepack | 正在保存文件：res://.godot/imported/Icon35.png-0fb3e43edc03dfa45ac9e5b533bf6e71.ctex
[  81% ] savepack | 正在保存文件：res://Sprites/icon/Icon35.png.import
[  81% ] savepack | 正在保存文件：res://.godot/imported/Icon36.png-5e3397a6186007771e18d39f144b14a8.ctex
[  81% ] savepack | 正在保存文件：res://Sprites/icon/Icon36.png.import
[  81% ] savepack | 正在保存文件：res://.godot/imported/effect_1.png-8ab516500a8b5d94c2ba187e43f500be.ctex
[  81% ] savepack | 正在保存文件：res://Sprites/particle/alpha/effect_1.png.import
[  81% ] savepack | 正在保存文件：res://.godot/imported/effect_2.png-e644f3838acc20b8e86da6cd00c3d275.ctex
[  81% ] savepack | 正在保存文件：res://Sprites/particle/alpha/effect_2.png.import
[  81% ] savepack | 正在保存文件：res://.godot/imported/effect_3.png-c5b576200e685d94a9aa10f74f279798.ctex
[  81% ] savepack | 正在保存文件：res://Sprites/particle/alpha/effect_3.png.import
[  81% ] savepack | 正在保存文件：res://.godot/imported/effect_4.png-2d747c484444289171a41cf7def17a01.ctex
[  81% ] savepack | 正在保存文件：res://Sprites/particle/alpha/effect_4.png.import
[  81% ] savepack | 正在保存文件：res://.godot/imported/spotlight_1.png-78a2a9b3be906a84e7581f2695045bac.ctex
[  81% ] savepack | 正在保存文件：res://Sprites/particle/alpha/spotlight_1.png.import
[  81% ] savepack | 正在保存文件：res://.godot/imported/spotlight_2.png-deb7b2c44155dc79745610d6612f9f47.ctex
[  81% ] savepack | 正在保存文件：res://Sprites/particle/alpha/spotlight_2.png.import
[  81% ] savepack | 正在保存文件：res://.godot/imported/spotlight_3.png-c51af0c7fa4501f1f697f4caedeb71b5.ctex
[  81% ] savepack | 正在保存文件：res://Sprites/particle/alpha/spotlight_3.png.import
[  81% ] savepack | 正在保存文件：res://.godot/imported/spotlight_4.png-04e4442397ba399bd7b51b59a4b2e1a5.ctex
[  81% ] savepack | 正在保存文件：res://Sprites/particle/alpha/spotlight_4.png.import
[  81% ] savepack | 正在保存文件：res://.godot/imported/spotlight_5.png-10248f2cc952b2b3da4fad9d3b08ecf6.ctex
[  81% ] savepack | 正在保存文件：res://Sprites/particle/alpha/spotlight_5.png.import
[  82% ] savepack | 正在保存文件：res://.godot/imported/spotlight_6.png-a5f1eb9fad8311f5a4640fdb66dc3f39.ctex
[  82% ] savepack | 正在保存文件：res://Sprites/particle/alpha/spotlight_6.png.import
[  82% ] savepack | 正在保存文件：res://.godot/imported/spotlight_7.png-05bf365ae1a8a7c1cdc33dd2a5ce1745.ctex
[  82% ] savepack | 正在保存文件：res://Sprites/particle/alpha/spotlight_7.png.import
[  82% ] savepack | 正在保存文件：res://.godot/imported/spotlight_8.png-23cb5cff6afb078f8a958664e76afe3d.ctex
[  82% ] savepack | 正在保存文件：res://Sprites/particle/alpha/spotlight_8.png.import
[  82% ] savepack | 正在保存文件：res://.godot/imported/effect_1.png-0063db01fbf6867921267bb1767289c5.ctex
[  82% ] savepack | 正在保存文件：res://Sprites/particle/effect_1.png.import
[  82% ] savepack | 正在保存文件：res://.godot/imported/effect_2.png-703c154ad04e244320000000266f02b9.ctex
[  82% ] savepack | 正在保存文件：res://Sprites/particle/effect_2.png.import
[  82% ] savepack | 正在保存文件：res://.godot/imported/effect_3.png-f8c0cf4a36eb85ecde30b80bcc601ab0.ctex
[  82% ] savepack | 正在保存文件：res://Sprites/particle/effect_3.png.import
[  82% ] savepack | 正在保存文件：res://.godot/imported/effect_4.png-55b3c3a9dba3fb3a9a1db9a18c96e312.ctex
[  82% ] savepack | 正在保存文件：res://Sprites/particle/effect_4.png.import
[  82% ] savepack | 正在保存文件：res://.godot/imported/spotlight_1.png-7a45454a460d5263ee5d55312e244bd0.ctex
[  82% ] savepack | 正在保存文件：res://Sprites/particle/spotlight_1.png.import
[  82% ] savepack | 正在保存文件：res://.godot/imported/spotlight_2.png-1b23bd6ef24e61e3bb163f682af8ca10.ctex
[  82% ] savepack | 正在保存文件：res://Sprites/particle/spotlight_2.png.import
[  82% ] savepack | 正在保存文件：res://.godot/imported/spotlight_3.png-8a90bb01097013114c7a589095ffa4a4.ctex
[  82% ] savepack | 正在保存文件：res://Sprites/particle/spotlight_3.png.import
[  82% ] savepack | 正在保存文件：res://.godot/imported/spotlight_4.png-d694a3718e4622f6c5864b0f2d294625.ctex
[  82% ] savepack | 正在保存文件：res://Sprites/particle/spotlight_4.png.import
[  82% ] savepack | 正在保存文件：res://.godot/imported/spotlight_5.png-7f19808aeff704c1ff89c8e19579014f.ctex
[  82% ] savepack | 正在保存文件：res://Sprites/particle/spotlight_5.png.import
[  82% ] savepack | 正在保存文件：res://.godot/imported/spotlight_6.png-5bc2d67150eb0148f05dec4fd5ef77bd.ctex
[  82% ] savepack | 正在保存文件：res://Sprites/particle/spotlight_6.png.import
[  82% ] savepack | 正在保存文件：res://.godot/imported/spotlight_7.png-d09eac182336e8f41e0067d68287bce9.ctex
[  82% ] savepack | 正在保存文件：res://Sprites/particle/spotlight_7.png.import
[  83% ] savepack | 正在保存文件：res://.godot/imported/spotlight_8.png-db3d5011bace5b9896df5f278707ba86.ctex
[  83% ] savepack | 正在保存文件：res://Sprites/particle/spotlight_8.png.import
[  83% ] savepack | 正在保存文件：res://.godot/imported/weapon-0.svg-13191cfa8134d020e6e52ec4ff9b5cb8.ctex
[  83% ] savepack | 正在保存文件：res://Sprites/Presentation/weapon-0.svg.import
[  83% ] savepack | 正在保存文件：res://.godot/imported/weapon-4.svg-c8ca68fc9f0bcc1ec95278ba13b478cb.ctex
[  83% ] savepack | 正在保存文件：res://Sprites/Presentation/weapon-4.svg.import
[  83% ] savepack | 正在保存文件：res://.godot/imported/weapon-5.svg-be555dbe8847e8e0aeab5f5b74a09609.ctex
[  83% ] savepack | 正在保存文件：res://Sprites/Presentation/weapon-5.svg.import
[  83% ] savepack | 正在保存文件：res://.godot/imported/weapon-6.svg-3b654972ef6af2785147e48033f25dd1.ctex
[  83% ] savepack | 正在保存文件：res://Sprites/Presentation/weapon-6.svg.import
[  83% ] savepack | 正在保存文件：res://.godot/imported/weapon-7.svg-fa657d326f472e2d3b915427f0caf7d7.ctex
[  83% ] savepack | 正在保存文件：res://Sprites/Presentation/weapon-7.svg.import
[  83% ] savepack | 正在保存文件：res://.godot/imported/weapon-111.svg-bb2239361fe5a312419036eb4147ea69.ctex
[  83% ] savepack | 正在保存文件：res://Sprites/Presentation/weapon-111.svg.import
[  83% ] savepack | 正在保存文件：res://.godot/imported/weapon-112.svg-48aa2e49537c4526e2c7100093e2fbeb.ctex
[  83% ] savepack | 正在保存文件：res://Sprites/Presentation/weapon-112.svg.import
[  83% ] savepack | 正在保存文件：res://.godot/imported/weapon-113.svg-c721221fd45d819c9c4406647d292a69.ctex
[  83% ] savepack | 正在保存文件：res://Sprites/Presentation/weapon-113.svg.import
[  83% ] savepack | 正在保存文件：res://.godot/imported/weapon-114.svg-7ba06837d2a1a762ff0532c2e6a07da5.ctex
[  83% ] savepack | 正在保存文件：res://Sprites/Presentation/weapon-114.svg.import
[  83% ] savepack | 正在保存文件：res://.godot/imported/weapon-115.svg-9071f81de9e090a0418405582405a651.ctex
[  83% ] savepack | 正在保存文件：res://Sprites/Presentation/weapon-115.svg.import
[  83% ] savepack | 正在保存文件：res://.godot/imported/weapon-116.svg-cb2aaf5a5f048170629cfef64d49b144.ctex
[  83% ] savepack | 正在保存文件：res://Sprites/Presentation/weapon-116.svg.import
[  83% ] savepack | 正在保存文件：res://.godot/imported/weapon-117.svg-475d1d1bd3c4c9ced371ff959c44d973.ctex
[  83% ] savepack | 正在保存文件：res://Sprites/Presentation/weapon-117.svg.import
[  84% ] savepack | 正在保存文件：res://.godot/imported/weapon-118.svg-562a3b83b3f86bbe6a8a2338a0804d3b.ctex
[  84% ] savepack | 正在保存文件：res://Sprites/Presentation/weapon-118.svg.import
[  84% ] savepack | 正在保存文件：res://.godot/imported/weapon-119.svg-7992a26c499d9d7435b09cd4f30f19ae.ctex
[  84% ] savepack | 正在保存文件：res://Sprites/Presentation/weapon-119.svg.import
[  84% ] savepack | 正在保存文件：res://.godot/imported/weapon-120.svg-ef1537b6c906e45380b126a5fae25862.ctex
[  84% ] savepack | 正在保存文件：res://Sprites/Presentation/weapon-120.svg.import
[  84% ] savepack | 正在保存文件：res://.godot/imported/weapon-121.svg-c6ab4c1c5ad6f68c2f0f9d3066bd32db.ctex
[  84% ] savepack | 正在保存文件：res://Sprites/Presentation/weapon-121.svg.import
[  84% ] savepack | 正在保存文件：res://.godot/imported/weapon-122.svg-8bc2f26b896d8ac880122db0c9c6d2b3.ctex
[  84% ] savepack | 正在保存文件：res://Sprites/Presentation/weapon-122.svg.import
[  84% ] savepack | 正在保存文件：res://.godot/imported/weapon-123.svg-a955c363ccf89ee0a85b78aa7ac9d7b7.ctex
[  84% ] savepack | 正在保存文件：res://Sprites/Presentation/weapon-123.svg.import
[  84% ] savepack | 正在保存文件：res://.godot/imported/weapon-124.svg-2901c7243d9dde519f2cd32b35392da6.ctex
[  84% ] savepack | 正在保存文件：res://Sprites/Presentation/weapon-124.svg.import
[  84% ] savepack | 正在保存文件：res://.godot/imported/Ability_icons6_01.png-165c6ec309827a2272d50a0f7dad7a82.ctex
[  84% ] savepack | 正在保存文件：res://Sprites/skill/Icons/Ability_icons6_01.png.import
[  84% ] savepack | 正在保存文件：res://.godot/imported/Ability_icons6_02.png-b4399514db1fd4a8a7f7c5c8aeab0c6d.ctex
[  84% ] savepack | 正在保存文件：res://Sprites/skill/Icons/Ability_icons6_02.png.import
[  84% ] savepack | 正在保存文件：res://.godot/imported/Ability_icons6_03.png-8cb86c9110bcbde5a012c6ef8d5a3671.ctex
[  84% ] savepack | 正在保存文件：res://Sprites/skill/Icons/Ability_icons6_03.png.import
[  84% ] savepack | 正在保存文件：res://.godot/imported/Ability_icons6_04.png-8e687d1fffe3fadf17b41ca998dbe255.ctex
[  84% ] savepack | 正在保存文件：res://Sprites/skill/Icons/Ability_icons6_04.png.import
[  84% ] savepack | 正在保存文件：res://.godot/imported/Ability_icons6_05.png-2011b5c1d8d81f772e957764dbdd4e0b.ctex
[  84% ] savepack | 正在保存文件：res://Sprites/skill/Icons/Ability_icons6_05.png.import
[  84% ] savepack | 正在保存文件：res://.godot/imported/Ability_icons6_06.png-d368757bbd5a68a8ae1b7e4ad4696591.ctex
[  84% ] savepack | 正在保存文件：res://Sprites/skill/Icons/Ability_icons6_06.png.import
[  84% ] savepack | 正在保存文件：res://.godot/imported/Ability_icons6_07.png-1c55f87ca25ec6ab0b1be9c3ecad21e1.ctex
[  84% ] savepack | 正在保存文件：res://Sprites/skill/Icons/Ability_icons6_07.png.import
[  85% ] savepack | 正在保存文件：res://.godot/imported/Ability_icons6_08.png-5042b58b26e2a746603f6b5bfe2f3b36.ctex
[  85% ] savepack | 正在保存文件：res://Sprites/skill/Icons/Ability_icons6_08.png.import
[  85% ] savepack | 正在保存文件：res://.godot/imported/Ability_icons6_09.png-028a1efd20bd09b7ebfd3d9799f9347f.ctex
[  85% ] savepack | 正在保存文件：res://Sprites/skill/Icons/Ability_icons6_09.png.import
[  85% ] savepack | 正在保存文件：res://.godot/imported/Ability_icons6_10.png-aa79c2bfdcb3dd124a184e2cdf9d05b4.ctex
[  85% ] savepack | 正在保存文件：res://Sprites/skill/Icons/Ability_icons6_10.png.import
[  85% ] savepack | 正在保存文件：res://.godot/imported/Ability_icons6_11.png-3f7d8f81ce4300bb9aed6895e4d3a6fe.ctex
[  85% ] savepack | 正在保存文件：res://Sprites/skill/Icons/Ability_icons6_11.png.import
[  85% ] savepack | 正在保存文件：res://.godot/imported/Ability_icons6_12.png-f8a865736d0040c74f66cc20ce8d64b5.ctex
[  85% ] savepack | 正在保存文件：res://Sprites/skill/Icons/Ability_icons6_12.png.import
[  85% ] savepack | 正在保存文件：res://.godot/imported/Ability_icons6_13.png-1f1b5523a8bd13d53e44bbb68f0fac58.ctex
[  85% ] savepack | 正在保存文件：res://Sprites/skill/Icons/Ability_icons6_13.png.import
[  85% ] savepack | 正在保存文件：res://.godot/imported/Ability_icons6_14.png-30c8a2366c10465b25477503085497a4.ctex
[  85% ] savepack | 正在保存文件：res://Sprites/skill/Icons/Ability_icons6_14.png.import
[  85% ] savepack | 正在保存文件：res://.godot/imported/Ability_icons6_15.png-3d3efa647c9a9ecbcb74f517d8e72bda.ctex
[  85% ] savepack | 正在保存文件：res://Sprites/skill/Icons/Ability_icons6_15.png.import
[  85% ] savepack | 正在保存文件：res://.godot/imported/Ability_icons6_16.png-ab0cfc799fb13c1c44bd03425c4c65ec.ctex
[  85% ] savepack | 正在保存文件：res://Sprites/skill/Icons/Ability_icons6_16.png.import
[  85% ] savepack | 正在保存文件：res://.godot/imported/Ability_icons6_17.png-58b7d90adbc95855f6750f559e2afc30.ctex
[  85% ] savepack | 正在保存文件：res://Sprites/skill/Icons/Ability_icons6_17.png.import
[  85% ] savepack | 正在保存文件：res://.godot/imported/Ability_icons6_18.png-736e339e58519e9459baf1d3a4417375.ctex
[  85% ] savepack | 正在保存文件：res://Sprites/skill/Icons/Ability_icons6_18.png.import
[  85% ] savepack | 正在保存文件：res://.godot/imported/Ability_icons6_19.png-42e32cbb8dec66626adbc02df6a94057.ctex
[  85% ] savepack | 正在保存文件：res://Sprites/skill/Icons/Ability_icons6_19.png.import
[  85% ] savepack | 正在保存文件：res://.godot/imported/Ability_icons6_20.png-d6a840cd73c4a72f6ce7f01c9f95c76f.ctex
[  85% ] savepack | 正在保存文件：res://Sprites/skill/Icons/Ability_icons6_20.png.import
[  86% ] savepack | 正在保存文件：res://.godot/imported/Ability_icons6_21.png-0fd5813763c116b468344b67ec336d60.ctex
[  86% ] savepack | 正在保存文件：res://Sprites/skill/Icons/Ability_icons6_21.png.import
[  86% ] savepack | 正在保存文件：res://.godot/imported/Ability_icons6_22.png-9265074dda8b7849c89d26475a9ed383.ctex
[  86% ] savepack | 正在保存文件：res://Sprites/skill/Icons/Ability_icons6_22.png.import
[  86% ] savepack | 正在保存文件：res://.godot/imported/Ability_icons6_23.png-8c7c79b3c21954c3e2e9e9377348883b.ctex
[  86% ] savepack | 正在保存文件：res://Sprites/skill/Icons/Ability_icons6_23.png.import
[  86% ] savepack | 正在保存文件：res://.godot/imported/Ability_icons6_24.png-0d5b69263b33eb873398d4acf22aef01.ctex
[  86% ] savepack | 正在保存文件：res://Sprites/skill/Icons/Ability_icons6_24.png.import
[  86% ] savepack | 正在保存文件：res://.godot/imported/Ability_icons6_25.png-b71b7f74d10a30ed6c2d619b8f9c8d4f.ctex
[  86% ] savepack | 正在保存文件：res://Sprites/skill/Icons/Ability_icons6_25.png.import
[  86% ] savepack | 正在保存文件：res://.godot/imported/Ability_icons6_26.png-1499382af6bc8aea44c9d3a0d0ec99ec.ctex
[  86% ] savepack | 正在保存文件：res://Sprites/skill/Icons/Ability_icons6_26.png.import
[  86% ] savepack | 正在保存文件：res://.godot/imported/Ability_icons6_27.png-b235bd1b8c41b4b2bb42f884a3e103b7.ctex
[  86% ] savepack | 正在保存文件：res://Sprites/skill/Icons/Ability_icons6_27.png.import
[  86% ] savepack | 正在保存文件：res://.godot/imported/Ability_icons6_28.png-4593ba683173ef352eb4eedf60b671ba.ctex
[  86% ] savepack | 正在保存文件：res://Sprites/skill/Icons/Ability_icons6_28.png.import
[  86% ] savepack | 正在保存文件：res://.godot/imported/Ability_icons6_29.png-ee2c55251a9e96acdbfaf8ced619f58d.ctex
[  86% ] savepack | 正在保存文件：res://Sprites/skill/Icons/Ability_icons6_29.png.import
[  86% ] savepack | 正在保存文件：res://.godot/imported/Ability_icons6_30.png-fc8788446cb77c88c4ee28d3adcdf890.ctex
[  86% ] savepack | 正在保存文件：res://Sprites/skill/Icons/Ability_icons6_30.png.import
[  86% ] savepack | 正在保存文件：res://.godot/imported/Ability_icons6_31.png-f7d5a07c97a327c0313fc2da1748f6ba.ctex
[  86% ] savepack | 正在保存文件：res://Sprites/skill/Icons/Ability_icons6_31.png.import
[  86% ] savepack | 正在保存文件：res://.godot/imported/Ability_icons6_32.png-32808ea9c9bb1783143a107a6ced6c6e.ctex
[  86% ] savepack | 正在保存文件：res://Sprites/skill/Icons/Ability_icons6_32.png.import
[  86% ] savepack | 正在保存文件：res://.godot/imported/Ability_icons6_33.png-c738b454061f37fcb8fdd8b396884491.ctex
[  86% ] savepack | 正在保存文件：res://Sprites/skill/Icons/Ability_icons6_33.png.import
[  86% ] savepack | 正在保存文件：res://.godot/imported/Ability_icons6_34.png-46c9cb669f2fa1a6e8e91a7d7f6a1173.ctex
[  86% ] savepack | 正在保存文件：res://Sprites/skill/Icons/Ability_icons6_34.png.import
[  87% ] savepack | 正在保存文件：res://.godot/imported/Ability_icons6_35.png-a41c8d3333f41dca518148af0f9e9150.ctex
[  87% ] savepack | 正在保存文件：res://Sprites/skill/Icons/Ability_icons6_35.png.import
[  87% ] savepack | 正在保存文件：res://.godot/imported/Ability_icons6_36.png-964546d726a94f03238e54c43d856d97.ctex
[  87% ] savepack | 正在保存文件：res://Sprites/skill/Icons/Ability_icons6_36.png.import
[  87% ] savepack | 正在保存文件：res://.godot/imported/Ability_icons6_37.png-42af6dd602ef453e7436c199607b4c66.ctex
[  87% ] savepack | 正在保存文件：res://Sprites/skill/Icons/Ability_icons6_37.png.import
[  87% ] savepack | 正在保存文件：res://.godot/imported/Ability_icons6_38.png-fa299248d437aa162e2fb41d5c8a80a7.ctex
[  87% ] savepack | 正在保存文件：res://Sprites/skill/Icons/Ability_icons6_38.png.import
[  87% ] savepack | 正在保存文件：res://.godot/imported/Ability_icons6_39.png-2571c5037f18f15d81bfe23602d79330.ctex
[  87% ] savepack | 正在保存文件：res://Sprites/skill/Icons/Ability_icons6_39.png.import
[  87% ] savepack | 正在保存文件：res://.godot/imported/Ability_icons6_40.png-3c55238184db410739dca348adcc9da6.ctex
[  87% ] savepack | 正在保存文件：res://Sprites/skill/Icons/Ability_icons6_40.png.import
[  87% ] savepack | 正在保存文件：res://.godot/imported/Ability_icons6_41.png-b3bb8211bf9d88676227e549bb1edb30.ctex
[  87% ] savepack | 正在保存文件：res://Sprites/skill/Icons/Ability_icons6_41.png.import
[  87% ] savepack | 正在保存文件：res://.godot/imported/Ability_icons6_42.png-bdcd432175752db6975507c927461ee5.ctex
[  87% ] savepack | 正在保存文件：res://Sprites/skill/Icons/Ability_icons6_42.png.import
[  87% ] savepack | 正在保存文件：res://.godot/imported/Ability_icons6_43.png-e8b245b24c898458509de3fbaf3fd82a.ctex
[  87% ] savepack | 正在保存文件：res://Sprites/skill/Icons/Ability_icons6_43.png.import
[  87% ] savepack | 正在保存文件：res://.godot/imported/Ability_icons6_44.png-83e5d6ebc0a59d350f71f9ef14a95090.ctex
[  87% ] savepack | 正在保存文件：res://Sprites/skill/Icons/Ability_icons6_44.png.import
[  87% ] savepack | 正在保存文件：res://.godot/imported/Ability_icons6_45.png-19bfac81d7bc5d9a6139375df99dcb0f.ctex
[  87% ] savepack | 正在保存文件：res://Sprites/skill/Icons/Ability_icons6_45.png.import
[  87% ] savepack | 正在保存文件：res://.godot/imported/Ability_icons6_46.png-56491a69abee822bc419316e711c3c2a.ctex
[  87% ] savepack | 正在保存文件：res://Sprites/skill/Icons/Ability_icons6_46.png.import
[  87% ] savepack | 正在保存文件：res://.godot/imported/Ability_icons6_47.png-202a2515a291ed169c9ed8f530d835ec.ctex
[  87% ] savepack | 正在保存文件：res://Sprites/skill/Icons/Ability_icons6_47.png.import
[  88% ] savepack | 正在保存文件：res://.godot/imported/Ability_icons6_48.png-a0e9e10edc5aa3340ce55795694c47fa.ctex
[  88% ] savepack | 正在保存文件：res://Sprites/skill/Icons/Ability_icons6_48.png.import
[  88% ] savepack | 正在保存文件：res://.godot/imported/Ability_icons6_49.png-177c843e03dbf97b4e11c0cdf25d5121.ctex
[  88% ] savepack | 正在保存文件：res://Sprites/skill/Icons/Ability_icons6_49.png.import
[  88% ] savepack | 正在保存文件：res://.godot/imported/Ability_icons6_50.png-190f2ba88d8f54ba7462750d82a9d86f.ctex
[  88% ] savepack | 正在保存文件：res://Sprites/skill/Icons/Ability_icons6_50.png.import
[  88% ] savepack | 正在保存文件：res://.godot/imported/Ability_icons6_51.png-1a9a6b97ca8cb2a451db667754deb424.ctex
[  88% ] savepack | 正在保存文件：res://Sprites/skill/Icons/Ability_icons6_51.png.import
[  88% ] savepack | 正在保存文件：res://.godot/imported/Ability_icons6_52.png-991abbebfe95454611ac02a5f0da6974.ctex
[  88% ] savepack | 正在保存文件：res://Sprites/skill/Icons/Ability_icons6_52.png.import
[  88% ] savepack | 正在保存文件：res://.godot/imported/Ability_icons6_53.png-8dd9757b34ed9c72bcd7679be37bced3.ctex
[  88% ] savepack | 正在保存文件：res://Sprites/skill/Icons/Ability_icons6_53.png.import
[  88% ] savepack | 正在保存文件：res://.godot/imported/Ability_icons6_54.png-78ef60119866415bf1f2c159d9f32e42.ctex
[  88% ] savepack | 正在保存文件：res://Sprites/skill/Icons/Ability_icons6_54.png.import
[  88% ] savepack | 正在保存文件：res://.godot/imported/Ability_icons6_55.png-217d098352997492086d69f35327e9af.ctex
[  88% ] savepack | 正在保存文件：res://Sprites/skill/Icons/Ability_icons6_55.png.import
[  88% ] savepack | 正在保存文件：res://.godot/imported/Ability_icons6_56.png-d52252da6a51a1682f35cb66530fcc25.ctex
[  88% ] savepack | 正在保存文件：res://Sprites/skill/Icons/Ability_icons6_56.png.import
[  88% ] savepack | 正在保存文件：res://.godot/imported/Ability_icons6_57.png-bff703200d61c939fe535fafcb323b2c.ctex
[  88% ] savepack | 正在保存文件：res://Sprites/skill/Icons/Ability_icons6_57.png.import
[  88% ] savepack | 正在保存文件：res://.godot/imported/Ability_icons6_58.png-3495ec34dc1db5020ae0f4808f3d6f04.ctex
[  88% ] savepack | 正在保存文件：res://Sprites/skill/Icons/Ability_icons6_58.png.import
[  88% ] savepack | 正在保存文件：res://.godot/imported/Ability_icons6_59.png-98b51856bc657b843a86c6b365146b6a.ctex
[  88% ] savepack | 正在保存文件：res://Sprites/skill/Icons/Ability_icons6_59.png.import
[  88% ] savepack | 正在保存文件：res://.godot/imported/Ability_icons6_60.png-eb899aff78e06d4f9b1486173cf6fb8a.ctex
[  88% ] savepack | 正在保存文件：res://Sprites/skill/Icons/Ability_icons6_60.png.import
[  88% ] savepack | 正在保存文件：res://.godot/imported/Ability_icons6_61.png-92f4fe9df687ddd3412bfc338e0a8b1d.ctex
[  88% ] savepack | 正在保存文件：res://Sprites/skill/Icons/Ability_icons6_61.png.import
[  89% ] savepack | 正在保存文件：res://.godot/imported/Ability_icons6_62.png-37c1fb8ac80db3b7a41d67e9496604d0.ctex
[  89% ] savepack | 正在保存文件：res://Sprites/skill/Icons/Ability_icons6_62.png.import
[  89% ] savepack | 正在保存文件：res://.godot/imported/Ability_icons6_63.png-b65f7b245eed958a638b243773023dbb.ctex
[  89% ] savepack | 正在保存文件：res://Sprites/skill/Icons/Ability_icons6_63.png.import
[  89% ] savepack | 正在保存文件：res://.godot/imported/Ability_icons6_64.png-9a1b0ee2acbabcc4d3aaf518752035a3.ctex
[  89% ] savepack | 正在保存文件：res://Sprites/skill/Icons/Ability_icons6_64.png.import
[  89% ] savepack | 正在保存文件：res://.godot/imported/Ability_icons6_65.png-1c25a463677170be4b70e17c8dc51154.ctex
[  89% ] savepack | 正在保存文件：res://Sprites/skill/Icons/Ability_icons6_65.png.import
[  89% ] savepack | 正在保存文件：res://.godot/imported/Ability_icons6_66.png-adb9d8930c661d7c91bfdb172dbb47dc.ctex
[  89% ] savepack | 正在保存文件：res://Sprites/skill/Icons/Ability_icons6_66.png.import
[  89% ] savepack | 正在保存文件：res://.godot/imported/Ability_icons6_67.png-eb4fd1906f77921a9c835a066e3343c8.ctex
[  89% ] savepack | 正在保存文件：res://Sprites/skill/Icons/Ability_icons6_67.png.import
[  89% ] savepack | 正在保存文件：res://.godot/imported/Ability_icons6_68.png-d326bcfbb3b194b498e73375961f6e41.ctex
[  89% ] savepack | 正在保存文件：res://Sprites/skill/Icons/Ability_icons6_68.png.import
[  89% ] savepack | 正在保存文件：res://.godot/imported/Ability_icons6_69.png-fc7543b53986b252570dadc1a70d8552.ctex
[  89% ] savepack | 正在保存文件：res://Sprites/skill/Icons/Ability_icons6_69.png.import
[  89% ] savepack | 正在保存文件：res://.godot/imported/Ability_icons6_70.png-268435ab3861df21eee9140be72afb57.ctex
[  89% ] savepack | 正在保存文件：res://Sprites/skill/Icons/Ability_icons6_70.png.import
[  89% ] savepack | 正在保存文件：res://.godot/imported/Ability_icons6_71.png-9501bdeacce3f6dfd2dabccb91a9bb95.ctex
[  89% ] savepack | 正在保存文件：res://Sprites/skill/Icons/Ability_icons6_71.png.import
[  89% ] savepack | 正在保存文件：res://.godot/imported/Ability_icons6_72.png-3fc6a51fb91418763defa2c440e0a897.ctex
[  89% ] savepack | 正在保存文件：res://Sprites/skill/Icons/Ability_icons6_72.png.import
[  89% ] savepack | 正在保存文件：res://.godot/imported/Ability_icons6_73.png-4ba75d325a01c05a84dfaa353a07f07a.ctex
[  89% ] savepack | 正在保存文件：res://Sprites/skill/Icons/Ability_icons6_73.png.import
[  89% ] savepack | 正在保存文件：res://.godot/imported/Ability_icons6_74.png-55279af25d8d5307f590f071adf7467a.ctex
[  89% ] savepack | 正在保存文件：res://Sprites/skill/Icons/Ability_icons6_74.png.import
[  90% ] savepack | 正在保存文件：res://.godot/imported/Ability_icons6_75.png-8909ef7f55d6369dfa27f737d3b1d8b9.ctex
[  90% ] savepack | 正在保存文件：res://Sprites/skill/Icons/Ability_icons6_75.png.import
[  90% ] savepack | 正在保存文件：res://.godot/imported/Ability_icons6_76.png-56464b8c6a679066f82d335b4c9b331b.ctex
[  90% ] savepack | 正在保存文件：res://Sprites/skill/Icons/Ability_icons6_76.png.import
[  90% ] savepack | 正在保存文件：res://.godot/imported/Ability_icons6_77.png-4496dcc604af17e3ce5fa752f3671ae8.ctex
[  90% ] savepack | 正在保存文件：res://Sprites/skill/Icons/Ability_icons6_77.png.import
[  90% ] savepack | 正在保存文件：res://.godot/imported/Ability_icons6_78.png-5aad980c794de579bc076eda3b3d42d1.ctex
[  90% ] savepack | 正在保存文件：res://Sprites/skill/Icons/Ability_icons6_78.png.import
[  90% ] savepack | 正在保存文件：res://.godot/imported/Ability_icons6_79.png-85376f0922b84baca88f32d91ebbb584.ctex
[  90% ] savepack | 正在保存文件：res://Sprites/skill/Icons/Ability_icons6_79.png.import
[  90% ] savepack | 正在保存文件：res://.godot/imported/Ability_icons6_80.png-243013beba16d52ce6cd91e0f28bdf37.ctex
[  90% ] savepack | 正在保存文件：res://Sprites/skill/Icons/Ability_icons6_80.png.import
[  90% ] savepack | 正在保存文件：res://.godot/imported/Ability_icons6_81.png-55c3b5597493905b388e4abe53217e95.ctex
[  90% ] savepack | 正在保存文件：res://Sprites/skill/Icons/Ability_icons6_81.png.import
[  90% ] savepack | 正在保存文件：res://.godot/imported/Ability_icons6_82.png-c56e6010e94080767bd5e8c1c06acafa.ctex
[  90% ] savepack | 正在保存文件：res://Sprites/skill/Icons/Ability_icons6_82.png.import
[  90% ] savepack | 正在保存文件：res://.godot/imported/Ability_icons6_83.png-ffdb69aa07551ccaea8050a677a11000.ctex
[  90% ] savepack | 正在保存文件：res://Sprites/skill/Icons/Ability_icons6_83.png.import
[  90% ] savepack | 正在保存文件：res://.godot/imported/Ability_icons6_84.png-bc5b494985308e1b946d65d769ac7e33.ctex
[  90% ] savepack | 正在保存文件：res://Sprites/skill/Icons/Ability_icons6_84.png.import
[  90% ] savepack | 正在保存文件：res://.godot/imported/Ability_icons6_85.png-8702e21ab3f211077c239f0ab802956c.ctex
[  90% ] savepack | 正在保存文件：res://Sprites/skill/Icons/Ability_icons6_85.png.import
[  90% ] savepack | 正在保存文件：res://.godot/imported/Ability_icons6_86.png-d542dc0cbb894294a6bb360e80539f60.ctex
[  90% ] savepack | 正在保存文件：res://Sprites/skill/Icons/Ability_icons6_86.png.import
[  90% ] savepack | 正在保存文件：res://.godot/imported/Ability_icons6_87.png-962abf3ad9f49639406678b33e5864da.ctex
[  90% ] savepack | 正在保存文件：res://Sprites/skill/Icons/Ability_icons6_87.png.import
[  90% ] savepack | 正在保存文件：res://.godot/imported/Ability_icons6_88.png-725732a2ee6be77c866a26770924f9fe.ctex
[  90% ] savepack | 正在保存文件：res://Sprites/skill/Icons/Ability_icons6_88.png.import
[  91% ] savepack | 正在保存文件：res://.godot/imported/Ability_icons6_89.png-ce2a10c3484bc1d74dcf81ae1b161616.ctex
[  91% ] savepack | 正在保存文件：res://Sprites/skill/Icons/Ability_icons6_89.png.import
[  91% ] savepack | 正在保存文件：res://.godot/imported/Ability_icons6_90.png-600a8641fa9162871e44fd93e684a5d2.ctex
[  91% ] savepack | 正在保存文件：res://Sprites/skill/Icons/Ability_icons6_90.png.import
[  91% ] savepack | 正在保存文件：res://.godot/imported/Ability_icons6_91.png-10e7a075e028fbdb92593df2ca0e2d8a.ctex
[  91% ] savepack | 正在保存文件：res://Sprites/skill/Icons/Ability_icons6_91.png.import
[  91% ] savepack | 正在保存文件：res://.godot/imported/Ability_icons6_92.png-ca66e0c3061a97e1ba72a55011071f5d.ctex
[  91% ] savepack | 正在保存文件：res://Sprites/skill/Icons/Ability_icons6_92.png.import
[  91% ] savepack | 正在保存文件：res://.godot/imported/Ability_icons6_93.png-64fba7ea0030bba153e7d21b2576c324.ctex
[  91% ] savepack | 正在保存文件：res://Sprites/skill/Icons/Ability_icons6_93.png.import
[  91% ] savepack | 正在保存文件：res://.godot/imported/Ability_icons6_94.png-86b4f2b16d14dd6948d17d5019147fb1.ctex
[  91% ] savepack | 正在保存文件：res://Sprites/skill/Icons/Ability_icons6_94.png.import
[  91% ] savepack | 正在保存文件：res://.godot/imported/Ability_icons6_95.png-2324ce15a19bc16fb61dbf232aa0b9a2.ctex
[  91% ] savepack | 正在保存文件：res://Sprites/skill/Icons/Ability_icons6_95.png.import
[  91% ] savepack | 正在保存文件：res://.godot/imported/Ability_icons6_96.png-35b12de4219366358eacb994737adf73.ctex
[  91% ] savepack | 正在保存文件：res://Sprites/skill/Icons/Ability_icons6_96.png.import
[  91% ] savepack | 正在保存文件：res://.godot/imported/Ability_icons6_97.png-11ac26b46e7ea50a297a2a28166afed5.ctex
[  91% ] savepack | 正在保存文件：res://Sprites/skill/Icons/Ability_icons6_97.png.import
[  91% ] savepack | 正在保存文件：res://.godot/imported/Ability_icons6_98.png-4632bab826194222747db59b36e067b0.ctex
[  91% ] savepack | 正在保存文件：res://Sprites/skill/Icons/Ability_icons6_98.png.import
[  91% ] savepack | 正在保存文件：res://.godot/imported/Ability_icons6_99.png-0a532c83eb14e22125be92ee956fe810.ctex
[  91% ] savepack | 正在保存文件：res://Sprites/skill/Icons/Ability_icons6_99.png.import
[  91% ] savepack | 正在保存文件：res://.godot/imported/Ability_icons6_100.png-48d3ebd8ebb626a62171d0503b94fbfa.ctex
[  91% ] savepack | 正在保存文件：res://Sprites/skill/Icons/Ability_icons6_100.png.import
[  91% ] savepack | 正在保存文件：res://.godot/imported/gun1.png-df1b9d1192df1fd6a10b4cb237f5ab2f.ctex
[  91% ] savepack | 正在保存文件：res://Sprites/The Tiny Alchemist - Guns/gun1.png.import
[  92% ] savepack | 正在保存文件：res://.godot/imported/gun2.png-adc66c3c540a5eb575583379ec8cb6c6.ctex
[  92% ] savepack | 正在保存文件：res://Sprites/The Tiny Alchemist - Guns/gun2.png.import
[  92% ] savepack | 正在保存文件：res://.godot/imported/gun3.png-d9da53e0ceeabb170da2bd80073d60a4.ctex
[  92% ] savepack | 正在保存文件：res://Sprites/The Tiny Alchemist - Guns/gun3.png.import
[  92% ] savepack | 正在保存文件：res://.godot/imported/gun4.png-4989a8d6751b266198e98465029801bd.ctex
[  92% ] savepack | 正在保存文件：res://Sprites/The Tiny Alchemist - Guns/gun4.png.import
[  92% ] savepack | 正在保存文件：res://.godot/imported/gun5.png-aa6005527003138dbd43a344ea5652b7.ctex
[  92% ] savepack | 正在保存文件：res://Sprites/The Tiny Alchemist - Guns/gun5.png.import
[  92% ] savepack | 正在保存文件：res://.godot/imported/gun6.png-42f1ceffef38adad47ffdf7c11d1459f.ctex
[  92% ] savepack | 正在保存文件：res://Sprites/The Tiny Alchemist - Guns/gun6.png.import
[  92% ] savepack | 正在保存文件：res://.godot/imported/gun7.png-2c7d44e264e364e4cd633d86094ef50a.ctex
[  92% ] savepack | 正在保存文件：res://Sprites/The Tiny Alchemist - Guns/gun7.png.import
[  92% ] savepack | 正在保存文件：res://.godot/imported/gun8.png-632369efb13a94bda623c83222c6c4c5.ctex
[  92% ] savepack | 正在保存文件：res://Sprites/The Tiny Alchemist - Guns/gun8.png.import
[  92% ] savepack | 正在保存文件：res://.godot/imported/gun9.png-7959d31d2efdd7c2156fed15b44a6452.ctex
[  92% ] savepack | 正在保存文件：res://Sprites/The Tiny Alchemist - Guns/gun9.png.import
[  92% ] savepack | 正在保存文件：res://.godot/imported/gun10.png-ac42d69c5edc1d4a8646a2cf33d22bb3.ctex
[  92% ] savepack | 正在保存文件：res://Sprites/The Tiny Alchemist - Guns/gun10.png.import
[  92% ] savepack | 正在保存文件：res://.godot/imported/gun11.png-5e6d2e75bf303aca375be31a799188ee.ctex
[  92% ] savepack | 正在保存文件：res://Sprites/The Tiny Alchemist - Guns/gun11.png.import
[  92% ] savepack | 正在保存文件：res://.godot/imported/gun12.png-13396750cd59a1bd2323770186e05017.ctex
[  92% ] savepack | 正在保存文件：res://Sprites/The Tiny Alchemist - Guns/gun12.png.import
[  92% ] savepack | 正在保存文件：res://.godot/imported/gun13.png-d57573378bdfa34ebc4fc3542b85c80d.ctex
[  92% ] savepack | 正在保存文件：res://Sprites/The Tiny Alchemist - Guns/gun13.png.import
[  92% ] savepack | 正在保存文件：res://.godot/imported/gun14.png-07b141597341df2a13aeb2ea1a4c2693.ctex
[  92% ] savepack | 正在保存文件：res://Sprites/The Tiny Alchemist - Guns/gun14.png.import
[  92% ] savepack | 正在保存文件：res://.godot/imported/gun15.png-3cca7ab174605989ec00b1fdeef050e3.ctex
[  92% ] savepack | 正在保存文件：res://Sprites/The Tiny Alchemist - Guns/gun15.png.import
[  93% ] savepack | 正在保存文件：res://.godot/imported/gun16.png-ecda0c47ea1adb093465879018a26c60.ctex
[  93% ] savepack | 正在保存文件：res://Sprites/The Tiny Alchemist - Guns/gun16.png.import
[  93% ] savepack | 正在保存文件：res://.godot/imported/gun17.png-1c999d2672a51ce42b363d56daf5d659.ctex
[  93% ] savepack | 正在保存文件：res://Sprites/The Tiny Alchemist - Guns/gun17.png.import
[  93% ] savepack | 正在保存文件：res://.godot/imported/gun18.png-3c694c686b4a0a86a80908e19633f511.ctex
[  93% ] savepack | 正在保存文件：res://Sprites/The Tiny Alchemist - Guns/gun18.png.import
[  93% ] savepack | 正在保存文件：res://.godot/imported/gun19.png-219f85b4271a65ee09faa4d628b698e1.ctex
[  93% ] savepack | 正在保存文件：res://Sprites/The Tiny Alchemist - Guns/gun19.png.import
[  93% ] savepack | 正在保存文件：res://.godot/imported/gun20.png-f6c51e07dd398a6cf890885d1413e336.ctex
[  93% ] savepack | 正在保存文件：res://Sprites/The Tiny Alchemist - Guns/gun20.png.import
[  93% ] savepack | 正在保存文件：res://.godot/imported/tile_0085.png-8b19bee94d3deaf8aff95816434db70f.ctex
[  93% ] savepack | 正在保存文件：res://Sprites/ui/key/tile_0085.png.import
[  93% ] savepack | 正在保存文件：res://.godot/imported/tile_0112.png-4299a2e1c025b0f6565a17a6ef0ba289.ctex
[  93% ] savepack | 正在保存文件：res://Sprites/ui/key/tile_0112.png.import
[  93% ] savepack | 正在保存文件：res://.godot/imported/tile_0235.png-95a1825f90232ab78bba8c7b2f9a160e.ctex
[  93% ] savepack | 正在保存文件：res://Sprites/ui/key/tile_0235.png.import
[  93% ] savepack | 正在保存文件：res://.godot/imported/Assets-1-恢复的_03.png-564e08ee3ca1269fdbd9e0d6ecaae278.ctex
[  93% ] savepack | 正在保存文件：res://Sprites/ui/Assets-1-恢复的_03.png.import
[  93% ] savepack | 正在保存文件：res://.godot/imported/Assets-1_26.png-d3566764337a976f2942f85c8ba87c33.ctex
[  93% ] savepack | 正在保存文件：res://Sprites/ui/Assets-1_26.png.import
[  93% ] savepack | 正在保存文件：res://.godot/imported/title.png-13070e0a41e06da83883b74b9e934fc9.ctex
[  93% ] savepack | 正在保存文件：res://Sprites/ui/title.png.import
[  93% ] savepack | 正在保存文件：res://.godot/imported/1 - Fire & Bugs.png-bb68601f41e63658b16dfcc9b076fa2c.ctex
[  93% ] savepack | 正在保存文件：res://Sprites/1 - Fire & Bugs.png.import
[  93% ] savepack | 正在保存文件：res://.godot/imported/1 cursor.png-317cb4dcdb6adcf1850ceaf7b7647c59.ctex
[  93% ] savepack | 正在保存文件：res://Sprites/1 cursor.png.import
[  94% ] savepack | 正在保存文件：res://.godot/imported/2 - Power & Electricity.png-08a9c8bd3c2ca257d11c3f3bed1844ae.ctex
[  94% ] savepack | 正在保存文件：res://Sprites/2 - Power & Electricity.png.import
[  94% ] savepack | 正在保存文件：res://.godot/imported/16x16 spritesheet.png-4a00b6fa1b13a760e94ce1c3a8ce2374.ctex
[  94% ] savepack | 正在保存文件：res://Sprites/16x16 spritesheet.png.import
[  94% ] savepack | 正在保存文件：res://.godot/imported/23.png-0e6e781fcf2f27a97644ae40ce4f0db4.ctex
[  94% ] savepack | 正在保存文件：res://Sprites/23.png.import
[  94% ] savepack | 正在保存文件：res://.godot/imported/Bullet_3.png-269f3485a3a5ce7c116843e1e13fca67.ctex
[  94% ] savepack | 正在保存文件：res://Sprites/Bullet_3.png.import
[  94% ] savepack | 正在保存文件：res://.godot/imported/Bullet_06.png-70747dce4b55573e6030c57fc99a7531.ctex
[  94% ] savepack | 正在保存文件：res://Sprites/Bullet_06.png.import
[  94% ] savepack | 正在保存文件：res://.godot/imported/Bullet_11.png-f4242ed929a7e15fc184c779e4f8cd3d.ctex
[  94% ] savepack | 正在保存文件：res://Sprites/Bullet_11.png.import
[  94% ] savepack | 正在保存文件：res://.godot/imported/crosshair186.png-07ada5046798866a0baa809bd7d298e9.ctex
[  94% ] savepack | 正在保存文件：res://Sprites/crosshair186.png.import
[  94% ] savepack | 正在保存文件：res://.godot/imported/equip_bg.png-97ec21a665afc4d0b69452d873683a5b.ctex
[  94% ] savepack | 正在保存文件：res://Sprites/equip_bg.png.import
[  94% ] savepack | 正在保存文件：res://.godot/imported/hp.png-1c6097e4fb5388ebc5a1e86736da420d.ctex
[  94% ] savepack | 正在保存文件：res://Sprites/hp.png.import
[  94% ] savepack | 正在保存文件：res://.godot/imported/item_box_no_shader.png-bf800bca8d9dc4c9fa34ef7351051bfd.ctex
[  94% ] savepack | 正在保存文件：res://Sprites/item_box_no_shader.png.import
[  94% ] savepack | 正在保存文件：res://.godot/imported/light2.png-112cec5a0336cc353b960fdfb6e7b1f1.ctex
[  94% ] savepack | 正在保存文件：res://Sprites/light2.png.import
[  94% ] savepack | 正在保存文件：res://.godot/imported/light.png-bf179afb193a5d6b9a4b9af8792c7faf.ctex
[  94% ] savepack | 正在保存文件：res://Sprites/light.png.import
[  94% ] savepack | 正在保存文件：res://.godot/imported/menu_item.png-94d53d789a257dedd44a463d187689e7.ctex
[  94% ] savepack | 正在保存文件：res://Sprites/menu_item.png.import
[  94% ] savepack | 正在保存文件：res://.godot/imported/menu_left.png-d8298e60aa0e867976ccdc35af007cac.ctex
[  94% ] savepack | 正在保存文件：res://Sprites/menu_left.png.import
[  95% ] savepack | 正在保存文件：res://.godot/imported/shell_case.png-18aeb63d43b7ffe90ceba5b8b9eabb69.ctex
[  95% ] savepack | 正在保存文件：res://Sprites/shell_case.png.import
[  95% ] savepack | 正在保存文件：res://.godot/imported/top.png-3a9b9d2c18346516862025af1f8b78ca.ctex
[  95% ] savepack | 正在保存文件：res://Sprites/top.png.import
[  95% ] savepack | 正在保存文件：res://.godot/imported/work_tool_item.png-72a1baea35841b4212baccccfed868c0.ctex
[  95% ] savepack | 正在保存文件：res://Sprites/work_tool_item.png.import
[  95% ] savepack | 正在保存文件：res://ui/widgets/RewardShopItem.gdc
[  95% ] savepack | 正在保存文件：res://ui/RootLessonPanel.gdc
[  95% ] savepack | 正在保存文件：res://.godot/exported/133200997/export-07415780ab50155452f40c3bdb0ca4c1-ModUI.scn
[  95% ] savepack | 正在保存文件：res://ui/ModUI.gdc
[  95% ] savepack | 正在保存文件：res://.godot/exported/133200997/export-409665fdc9bf5e6d19d6fe9b939bd151-ModeSelect.scn
[  95% ] savepack | 正在保存文件：res://ui/ModeSelect.gdc
[  95% ] savepack | 正在保存文件：res://ui/MainUI.gdc
[  95% ] savepack | 正在保存文件：res://.godot/exported/133200997/export-553bb780bdb72669cfd8d07e88d4af5a-RewardChoose.scn
[  95% ] savepack | 正在保存文件：res://ui/widgets/RewardChoose.gdc
[  95% ] savepack | 正在保存文件：res://.godot/exported/133200997/export-a78bc8f6421d1e5d39c8f60997e466af-InvAMItem.scn
[  96% ] savepack | 正在保存文件：res://.godot/exported/133200997/export-5b56be06a549071686ffc33d393ece4f-HitLabel.scn
[  96% ] savepack | 正在保存文件：res://ui/widgets/HitLabel.gdc
[  96% ] savepack | 正在保存文件：res://.godot/exported/133200997/export-c6f23da98d50f16447ac0daab728e6ff-DeathBoard.scn
[  96% ] savepack | 正在保存文件：res://ui/widgets/DeathBoard.gdc
[  96% ] savepack | 正在保存文件：res://.godot/exported/133200997/export-c2adec9abfbcbc6ce237f21eeec6da7f-Crosshair.scn
[  96% ] savepack | 正在保存文件：res://ui/widgets/Crosshair.gdc
[  96% ] savepack | 正在保存文件：res://.godot/exported/133200997/export-27073986f84c6b547fce9f4687940280-BulletCountItem.scn
[  96% ] savepack | 正在保存文件：res://ui/widgets/BulletCountItem.gdc
[  96% ] savepack | 正在保存文件：res://.godot/exported/133200997/export-c54ae77ed9a52e2a0790ba4192632510-AttachmentUIItem.scn
[  96% ] savepack | 正在保存文件：res://ui/widgets/AttachmentUIItem.gdc
[  96% ] savepack | 正在保存文件：res://.godot/exported/133200997/export-99d53bb150077713276f59912e750e11-EquipTexture.scn
[  96% ] savepack | 正在保存文件：res://ui/snow/EquipTexture.gdc
[  96% ] savepack | 正在保存文件：res://.godot/exported/133200997/export-ed48039f05c09c8dff671219ee0c4aed-ChooseUI.scn
[  96% ] savepack | 正在保存文件：res://ui/snow/ChooseUI.gdc
[  97% ] savepack | 正在保存文件：res://translation/text.zh_CN.translation
[  97% ] savepack | 正在保存文件：res://translation/text.en.translation
[  97% ] savepack | 正在保存文件：res://translation/text.csv.import
[  97% ] savepack | 正在保存文件：res://.godot/exported/133200997/export-773171d5fd0909582aaeb33c475f45be-Inventory.scn
[  97% ] savepack | 正在保存文件：res://ui/Inventory.gdc
[  97% ] savepack | 正在保存文件：res://ui/GameUI.gdc
[  97% ] savepack | 正在保存文件：res://ui/DemoSettings.gdc
[  97% ] savepack | 正在保存文件：res://ui/DemoHUD.gdc
[  97% ] savepack | 正在保存文件：res://.godot/exported/133200997/export-3f409e9c7db54a71f0850425436e2346-ControlUI.scn
[  97% ] savepack | 正在保存文件：res://ui/ControlUI.gdc
[  97% ] savepack | 正在保存文件：res://.godot/exported/133200997/export-b376a10d40c9abad98a8edd55e719f8a-CampPanel.scn
[  97% ] savepack | 正在保存文件：res://ui/CampPanel.gdc
[  97% ] savepack | 正在保存文件：res://ui/BuildIcon.gdc
[  98% ] savepack | 正在保存文件：res://ui/BossHUD.gdc
[  98% ] savepack | 正在保存文件：res://.godot/exported/133200997/export-b202c1ba71b2f7f5a53027343aa036e2-WeaponTopItem.scn
[  98% ] savepack | 正在保存文件：res://ui/widgets/WeaponTopItem.gdc
[  98% ] savepack | 正在保存文件：res://.godot/exported/133200997/export-c8258f0c407fb654fc59a344a2d51103-WeaponListItem.scn
[  98% ] savepack | 正在保存文件：res://ui/widgets/WeaponListItem.gdc
[  98% ] savepack | 正在保存文件：res://.godot/exported/133200997/export-a628c052fcdbce430d7b797a0a9ec1ab-WeaponChooseItem.scn
[  98% ] savepack | 正在保存文件：res://ui/widgets/WeaponChooseItem.gdc
[  98% ] savepack | 正在保存文件：res://.godot/exported/133200997/export-90b64564434ec8e5ce1217b8dd8c7913-WeaponChoose.scn
[  98% ] savepack | 正在保存文件：res://ui/widgets/WeaponChoose.gdc
[  98% ] savepack | 正在保存文件：res://.godot/exported/133200997/export-65c5f1cfc7fe8bc3e31b95d5cdb49097-Tooltip.scn
[  98% ] savepack | 正在保存文件：res://ui/widgets/Tooltip.gdc
[  98% ] savepack | 正在保存文件：res://.godot/exported/133200997/export-1063b577b761839980ef960c637ae1b7-ShopWeaponItem.scn
[  98% ] savepack | 正在保存文件：res://ui/widgets/ShopWeaponItem.gdc
[  98% ] savepack | 正在保存文件：res://ui/widgets/Scoreboard.gd.remap
[  98% ] savepack | 正在保存文件：res://ui/widgets/RewardTopItem.tscn.remap
[  98% ] savepack | 正在保存文件：res://ui/widgets/RewardTopItem.gd.remap
[  98% ] savepack | 正在保存文件：res://ui/widgets/RewardShopItem.tscn.remap
[  98% ] savepack | 正在保存文件：res://test.tscn.remap
[  98% ] savepack | 正在保存文件：res://ui/widgets/ShopTooltip.tscn.remap
[  98% ] savepack | 正在保存文件：res://ui/widgets/ShopPanel.tscn.remap
[  98% ] savepack | 正在保存文件：res://ui/widgets/ShopPanel.gd.remap
[  98% ] savepack | 正在保存文件：res://ui/widgets/Scoreboard.tscn.remap
[  98% ] savepack | 正在保存文件：res://addons/scene_manager/NodeFlagsInspectorPlugin.gd.remap
[  98% ] savepack | 正在保存文件：res://addons/scene_manager/SceneManager.gd.remap
[  98% ] savepack | 正在保存文件：res://addons/scene_manager/SceneManager.tscn.remap
[  98% ] savepack | 正在保存文件：res://addons/scene_manager/SceneManagerConstants.gd.remap
[  98% ] savepack | 正在保存文件：res://addons/scene_manager/SceneManagerPlugin.gd.remap
[  98% ] savepack | 正在保存文件：res://addons/scene_manager/ShaderFade.tres.remap
[  98% ] savepack | 正在保存文件：res://addons/scene_manager/SingletonCheckProperty.gd.remap
[  98% ] savepack | 正在保存文件：res://addons/scene_manager/SingletonNameProperty.gd.remap
[  98% ] savepack | 正在保存文件：res://ui/WeaponAmItem.gd.remap
[  98% ] savepack | 正在保存文件：res://ui/theme.tres.remap
[  98% ] savepack | 正在保存文件：res://autoload/server/EquipServer.gd.remap
[  98% ] savepack | 正在保存文件：res://autoload/server/LevelServer.gd.remap
[  98% ] savepack | 正在保存文件：res://autoload/server/MapServer.gd.remap
[  98% ] savepack | 正在保存文件：res://autoload/server/PlayerServer.gd.remap
[  98% ] savepack | 正在保存文件：res://autoload/server/RewardServer.gd.remap
[  98% ] savepack | 正在保存文件：res://autoload/Combat.gd.remap
[  98% ] savepack | 正在保存文件：res://autoload/ConfigUtils.gd.remap
[  98% ] savepack | 正在保存文件：res://autoload/Demo.gd.remap
[  98% ] savepack | 正在保存文件：res://autoload/PlayerData.gd.remap
[  98% ] savepack | 正在保存文件：res://autoload/Smoke.gd.remap
[  98% ] savepack | 正在保存文件：res://autoload/Utils.gd.remap
[  98% ] savepack | 正在保存文件：res://autoload/Warmup.gd.remap
[  98% ] savepack | 正在保存文件：res://boot/Boot.gd.remap
[  98% ] savepack | 正在保存文件：res://boot/Boot.tscn.remap
[  98% ] savepack | 正在保存文件：res://ui/StatPanel.gd.remap
[  98% ] savepack | 正在保存文件：res://ui/SettingUI.gd.remap
[  98% ] savepack | 正在保存文件：res://ui/SaveDialog.gd.remap
[  98% ] savepack | 正在保存文件：res://fonts/ui-font.tres.remap
[  98% ] savepack | 正在保存文件：res://game/attachments/A110.tscn.remap
[  98% ] savepack | 正在保存文件：res://game/attachments/A111.tscn.remap
[  98% ] savepack | 正在保存文件：res://game/attachments/A112.tscn.remap
[  98% ] savepack | 正在保存文件：res://game/attachments/A113.tscn.remap
[  98% ] savepack | 正在保存文件：res://game/attachments/A114.tscn.remap
[  98% ] savepack | 正在保存文件：res://game/attachments/A115.tscn.remap
[  98% ] savepack | 正在保存文件：res://game/attachments/A116.tscn.remap
[  98% ] savepack | 正在保存文件：res://game/attachments/A117.tscn.remap
[  98% ] savepack | 正在保存文件：res://game/attachments/A118.tscn.remap
[  98% ] savepack | 正在保存文件：res://game/attachments/A119.tscn.remap
[  98% ] savepack | 正在保存文件：res://game/attachments/A120.tscn.remap
[  98% ] savepack | 正在保存文件：res://game/attachments/A121.tscn.remap
[  98% ] savepack | 正在保存文件：res://game/attachments/A122.tscn.remap
[  98% ] savepack | 正在保存文件：res://game/attachments/A123.tscn.remap
[  98% ] savepack | 正在保存文件：res://game/attachments/A124.tscn.remap
[  98% ] savepack | 正在保存文件：res://game/attachments/BaseAttachment.gd.remap
[  98% ] savepack | 正在保存文件：res://game/attachments/ExtendedRifleMagazine.gd.remap
[  98% ] savepack | 正在保存文件：res://game/attachments/ExtendedRifleMagazine.tscn.remap
[  98% ] savepack | 正在保存文件：res://game/attachments/GrenadeLauncher.gd.remap
[  98% ] savepack | 正在保存文件：res://game/attachments/GrenadeLauncher.tscn.remap
[  98% ] savepack | 正在保存文件：res://game/attachments/MachineGunMagazine.gd.remap
[  98% ] savepack | 正在保存文件：res://game/attachments/MachineGunMagazine.tscn.remap
[  98% ] savepack | 正在保存文件：res://game/attachments/QuickdrawMagazine.gd.remap
[  98% ] savepack | 正在保存文件：res://game/attachments/QuickdrawMagazine.tscn.remap
[  98% ] savepack | 正在保存文件：res://game/attachments/QuickExpansionMagazine.gd.remap
[  98% ] savepack | 正在保存文件：res://game/attachments/QuickExpansionMagazine.tscn.remap
[  98% ] savepack | 正在保存文件：res://game/attachments/ShotgunShellPouch.gd.remap
[  98% ] savepack | 正在保存文件：res://game/attachments/ShotgunShellPouch.tscn.remap
[  98% ] savepack | 正在保存文件：res://game/attachments/SubmachineGunMagazine.gd.remap
[  98% ] savepack | 正在保存文件：res://game/attachments/SubmachineGunMagazine.tscn.remap
[  98% ] savepack | 正在保存文件：res://game/attachments/SuperUniversalMagazine.tscn.remap
[  98% ] savepack | 正在保存文件：res://game/attachments/UniversalExtendedMagazines.gd.remap
[  98% ] savepack | 正在保存文件：res://game/attachments/UniversalExtendedMagazines.tscn.remap
[  98% ] savepack | 正在保存文件：res://game/bullets/BabyBullet.tscn.remap
[  98% ] savepack | 正在保存文件：res://game/bullets/Bullet.gd.remap
[  98% ] savepack | 正在保存文件：res://game/bullets/Bullet.tscn.remap
[  98% ] savepack | 正在保存文件：res://game/bullets/BulletImpact.tscn.remap
[  98% ] savepack | 正在保存文件：res://game/bullets/BulletShell.gd.remap
[  98% ] savepack | 正在保存文件：res://game/bullets/BulletShell.tscn.remap
[  98% ] savepack | 正在保存文件：res://game/bullets/BulletSmoke.tscn.remap
[  98% ] savepack | 正在保存文件：res://game/bullets/MechanismProjectile.gd.remap
[  98% ] savepack | 正在保存文件：res://game/bullets/PlasmaBullet.gd.remap
[  98% ] savepack | 正在保存文件：res://game/bullets/SmpBullet.gd.remap
[  98% ] savepack | 正在保存文件：res://game/bullets/SmpBullet.tscn.remap
[  98% ] savepack | 正在保存文件：res://game/config/ArenaHazards.gd.remap
[  98% ] savepack | 正在保存文件：res://game/config/AttachmentCatalog.gd.remap
[  98% ] savepack | 正在保存文件：res://game/config/CampSaveStore.gd.remap
[  98% ] savepack | 正在保存文件：res://game/config/CampSnapshot.gd.remap
[  98% ] savepack | 正在保存文件：res://game/config/CombatStatus.gd.remap
[  98% ] savepack | 正在保存文件：res://game/config/DemoConfig.gd.remap
[  98% ] savepack | 正在保存文件：res://game/config/EffectiveStats.gd.remap
[  98% ] savepack | 正在保存文件：res://game/config/HellMode.gd.remap
[  98% ] savepack | 正在保存文件：res://game/config/LevelProgression.gd.remap
[  98% ] savepack | 正在保存文件：res://game/config/M5Content.gd.remap
[  98% ] savepack | 正在保存文件：res://game/config/StatLedger.gd.remap
[  98% ] savepack | 正在保存文件：res://game/config/WeaponCatalog.gd.remap
[  98% ] savepack | 正在保存文件：res://game/diag/B11Probe.gd.remap
[  98% ] savepack | 正在保存文件：res://game/diag/B11Stress.gd.remap
[  98% ] savepack | 正在保存文件：res://game/effects/CombatEffect.gd.remap
[  98% ] savepack | 正在保存文件：res://game/effects/CombatFootprint.gd.remap
[  98% ] savepack | 正在保存文件：res://game/effects/CombatTelegraph.gd.remap
[  98% ] savepack | 正在保存文件：res://game/effects/EliteAura.gd.remap
[  98% ] savepack | 正在保存文件：res://game/effects/GravityField.gd.remap
[  98% ] savepack | 正在保存文件：res://game/effects/HostileVFX.gd.remap
[  98% ] savepack | 正在保存文件：res://game/effects/TierMuzzle.gd.remap
[  98% ] savepack | 正在保存文件：res://game/equip/AreaBody.tres.remap
[  98% ] savepack | 正在保存文件：res://game/equip/BaseEquip.gd.remap
[  98% ] savepack | 正在保存文件：res://game/equip/EquipOnFloor.gd.remap
[  98% ] savepack | 正在保存文件：res://game/equip/EquipOnFloor.tscn.remap
[  98% ] savepack | 正在保存文件：res://game/equip/Flamethrower.tscn.remap
[  98% ] savepack | 正在保存文件：res://game/equip/High-Energy Particle Cannon.tscn.remap
[  98% ] savepack | 正在保存文件：res://game/guns/AlienMachine.gd.remap
[  98% ] savepack | 正在保存文件：res://game/guns/AlienMachine.tscn.remap
[  98% ] savepack | 正在保存文件：res://game/guns/AlienRifle.gd.remap
[  98% ] savepack | 正在保存文件：res://game/guns/AlienRifle.tscn.remap
[  98% ] savepack | 正在保存文件：res://game/guns/ArcCaster.gd.remap
[  98% ] savepack | 正在保存文件：res://game/guns/ArcCaster.tscn.remap
[  98% ] savepack | 正在保存文件：res://game/guns/BabyZapZap.gd.remap
[  98% ] savepack | 正在保存文件：res://game/guns/BabyZapZap.tscn.remap
[  98% ] savepack | 正在保存文件：res://game/guns/BaseGun.gd.remap
[  98% ] savepack | 正在保存文件：res://game/guns/BoomBoi.gd.remap
[  98% ] savepack | 正在保存文件：res://game/guns/BoomBoi.tscn.remap
[  98% ] savepack | 正在保存文件：res://game/guns/BurstCarbine.gd.remap
[  98% ] savepack | 正在保存文件：res://game/guns/BurstCarbine.tscn.remap
[  98% ] savepack | 正在保存文件：res://game/guns/EmpireShotgun.gd.remap
[  98% ] savepack | 正在保存文件：res://game/guns/EmpireShotgun.tscn.remap
[  98% ] savepack | 正在保存文件：res://game/guns/GunSprite.gd.remap
[  98% ] savepack | 正在保存文件：res://game/guns/GunSprite.tscn.remap
[  98% ] savepack | 正在保存文件：res://game/guns/MechanismGun.gd.remap
[  98% ] savepack | 正在保存文件：res://game/guns/PlasmaOrb.gd.remap
[  98% ] savepack | 正在保存文件：res://game/guns/PlasmaOrb.tscn.remap
[  98% ] savepack | 正在保存文件：res://game/guns/RebalShotgun.gd.remap
[  98% ] savepack | 正在保存文件：res://game/guns/RebalShotgun.tscn.remap
[  98% ] savepack | 正在保存文件：res://game/guns/ShotgunBlaster.gd.remap
[  98% ] savepack | 正在保存文件：res://game/guns/ShotgunBlaster.tscn.remap
[  98% ] savepack | 正在保存文件：res://game/guns/Sniper.gd.remap
[  98% ] savepack | 正在保存文件：res://game/guns/Sniper.tscn.remap
[  98% ] savepack | 正在保存文件：res://game/guns/Uzi.gd.remap
[  98% ] savepack | 正在保存文件：res://game/guns/Uzi.tscn.remap
[  98% ] savepack | 正在保存文件：res://game/guns/W11.tscn.remap
[  98% ] savepack | 正在保存文件：res://game/guns/W13.tscn.remap
[  98% ] savepack | 正在保存文件：res://game/guns/W15.tscn.remap
[  98% ] savepack | 正在保存文件：res://game/guns/W16.tscn.remap
[  98% ] savepack | 正在保存文件：res://game/guns/W17.tscn.remap
[  98% ] savepack | 正在保存文件：res://game/guns/W18.tscn.remap
[  98% ] savepack | 正在保存文件：res://game/guns/W19.tscn.remap
[  98% ] savepack | 正在保存文件：res://game/guns/W20.tscn.remap
[  98% ] savepack | 正在保存文件：res://game/guns/W21.tscn.remap
[  98% ] savepack | 正在保存文件：res://game/guns/W22.tscn.remap
[  98% ] savepack | 正在保存文件：res://game/guns/W24.tscn.remap
[  98% ] savepack | 正在保存文件：res://game/hero/effect/LevelUpEffect.tscn.remap
[  98% ] savepack | 正在保存文件：res://game/hero/Camera2D.gd.remap
[  98% ] savepack | 正在保存文件：res://game/hero/DashObj.tscn.remap
[  98% ] savepack | 正在保存文件：res://game/hero/gpu_particles_2d.tscn.remap
[  98% ] savepack | 正在保存文件：res://game/hero/Hero.gd.remap
[  98% ] savepack | 正在保存文件：res://game/hero/Hero.tscn.remap
[  98% ] savepack | 正在保存文件：res://game/hero/RootFeedback.gd.remap
[  98% ] savepack | 正在保存文件：res://game/items/BaseItem.gd.remap
[  98% ] savepack | 正在保存文件：res://game/items/Gold.gd.remap
[  98% ] savepack | 正在保存文件：res://game/items/Gold.tscn.remap
[  98% ] savepack | 正在保存文件：res://game/items/HpPack.gd.remap
[  98% ] savepack | 正在保存文件：res://game/items/HpPack.tscn.remap
[  98% ] savepack | 正在保存文件：res://game/items/vfxThunder.tscn.remap
[  98% ] savepack | 正在保存文件：res://game/map/mapTown/Town.gd.remap
[  98% ] savepack | 正在保存文件：res://game/map/mapTown/Town.tscn.remap
[  98% ] savepack | 正在保存文件：res://game/map/Moon/Moon.gd.remap
[  98% ] savepack | 正在保存文件：res://game/map/Moon/Moon.tscn.remap
[  98% ] savepack | 正在保存文件：res://game/map/SnowWorld/MonsterBuilder.gd.remap
[  98% ] savepack | 正在保存文件：res://game/map/SnowWorld/SnowWorld.gd.remap
[  98% ] savepack | 正在保存文件：res://game/map/SnowWorld/SnowWorld.tscn.remap
[  98% ] savepack | 正在保存文件：res://game/map/ArenaHazardDirector.gd.remap
[  98% ] savepack | 正在保存文件：res://game/map/ArenaVisibility.gd.remap
[  98% ] savepack | 正在保存文件：res://game/map/CombatArena.gd.remap
[  98% ] savepack | 正在保存文件：res://game/map/FogPierce.gd.remap
[  98% ] savepack | 正在保存文件：res://game/map/FogPierceCanvas.gd.remap
[  98% ] savepack | 正在保存文件：res://game/map/HeroBlue.tres.remap
[  98% ] savepack | 正在保存文件：res://game/map/Main.tscn.remap
[  98% ] savepack | 正在保存文件：res://game/map/RegionTheme.gd.remap
[  98% ] savepack | 正在保存文件：res://game/map/StageHazard.gd.remap
[  98% ] savepack | 正在保存文件：res://game/map/test.gd.remap
[  98% ] savepack | 正在保存文件：res://game/monster/Ghoul/Ghoul.gd.remap
[  98% ] savepack | 正在保存文件：res://game/monster/Ghoul/Ghoul.tscn.remap
[  98% ] savepack | 正在保存文件：res://game/monster/Monster 1/Monster1.gd.remap
[  98% ] savepack | 正在保存文件：res://game/monster/Monster 1/Monster1.tscn.remap
[  98% ] savepack | 正在保存文件：res://game/monster/Monster 2/Monster2.gd.remap
[  98% ] savepack | 正在保存文件：res://game/monster/Monster 2/Monster2.tscn.remap
[  98% ] savepack | 正在保存文件：res://game/monster/BaseMonster.gd.remap
[  98% ] savepack | 正在保存文件：res://game/monster/BaseMonster.tscn.remap
[  98% ] savepack | 正在保存文件：res://game/monster/BossUltimate.gd.remap
[  98% ] savepack | 正在保存文件：res://game/monster/DemoEnemy.gd.remap
[  98% ] savepack | 正在保存文件：res://game/monster/EnemyBarrage.gd.remap
[  98% ] savepack | 正在保存文件：res://game/monster/EnemyShot.gd.remap
[  98% ] savepack | 正在保存文件：res://game/monster/HostileZone.gd.remap
[  98% ] savepack | 正在保存文件：res://game/monster/TacticalEnemy.gd.remap
[  98% ] savepack | 正在保存文件：res://game/npc/MapNpc.gd.remap
[  98% ] savepack | 正在保存文件：res://game/npc/MapNpc.tscn.remap
[  98% ] savepack | 正在保存文件：res://game/npc/RewardNpc.gd.remap
[  98% ] savepack | 正在保存文件：res://game/npc/RewardNpc.tscn.remap
[  98% ] savepack | 正在保存文件：res://game/other/FireEffect.tscn.remap
[  98% ] savepack | 正在保存文件：res://game/other/Grenade.gd.remap
[  98% ] savepack | 正在保存文件：res://game/other/Grenade.tscn.remap
[  98% ] savepack | 正在保存文件：res://game/other/Portal.gd.remap
[  98% ] savepack | 正在保存文件：res://game/other/Portal.tscn.remap
[  98% ] savepack | 正在保存文件：res://game/reward/AlienHelmentReward.gd.remap
[  98% ] savepack | 正在保存文件：res://game/reward/AlienHelmentReward.tscn.remap
[  98% ] savepack | 正在保存文件：res://game/reward/AmberSickle.tscn.remap
[  98% ] savepack | 正在保存文件：res://game/reward/AmberStar.gd.remap
[  98% ] savepack | 正在保存文件：res://game/reward/AmberStar.tscn.remap
[  98% ] savepack | 正在保存文件：res://game/reward/BaseReward.gd.remap
[  98% ] savepack | 正在保存文件：res://game/reward/Battery.tscn.remap
[  98% ] savepack | 正在保存文件：res://game/reward/BlueAxe.gd.remap
[  98% ] savepack | 正在保存文件：res://game/reward/BlueAxe.tscn.remap
[  98% ] savepack | 正在保存文件：res://game/reward/BlueBacteria.tscn.remap
[  98% ] savepack | 正在保存文件：res://game/reward/BlueBoots.gd.remap
[  98% ] savepack | 正在保存文件：res://game/reward/BlueBoots.tscn.remap
[  98% ] savepack | 正在保存文件：res://game/reward/BlueCircuit.tscn.remap
[  98% ] savepack | 正在保存文件：res://game/reward/CombatReward.gd.remap
[  98% ] savepack | 正在保存文件：res://game/reward/GoldReward.gd.remap
[  98% ] savepack | 正在保存文件：res://game/reward/GoldReward.tscn.remap
[  98% ] savepack | 正在保存文件：res://game/reward/HeathPack.gd.remap
[  98% ] savepack | 正在保存文件：res://game/reward/HeathPack.tscn.remap
[  98% ] savepack | 正在保存文件：res://game/reward/HpReward.gd.remap
[  98% ] savepack | 正在保存文件：res://game/reward/HpReward.tscn.remap
[  98% ] savepack | 正在保存文件：res://game/reward/Reward12.tscn.remap
[  98% ] savepack | 正在保存文件：res://game/reward/Reward13.tscn.remap
[  98% ] savepack | 正在保存文件：res://game/reward/Reward14.tscn.remap
[  98% ] savepack | 正在保存文件：res://game/reward/Reward15.tscn.remap
[  98% ] savepack | 正在保存文件：res://game/reward/Reward16.tscn.remap
[  98% ] savepack | 正在保存文件：res://game/reward/Reward17.tscn.remap
[  98% ] savepack | 正在保存文件：res://game/reward/Reward18.tscn.remap
[  98% ] savepack | 正在保存文件：res://game/reward/Reward19.tscn.remap
[  98% ] savepack | 正在保存文件：res://game/reward/Reward20.tscn.remap
[  98% ] savepack | 正在保存文件：res://game/reward/Reward21.tscn.remap
[  98% ] savepack | 正在保存文件：res://game/reward/Reward22.tscn.remap
[  98% ] savepack | 正在保存文件：res://game/reward/Reward23.tscn.remap
[  98% ] savepack | 正在保存文件：res://game/reward/WarningShield.gd.remap
[  98% ] savepack | 正在保存文件：res://game/reward/WarningShield.tscn.remap
[  98% ] savepack | 正在保存文件：res://game/survival_effect/GuidanceDeviceEffect.tscn.remap
[  98% ] savepack | 正在保存文件：res://game/survival_effect/IncendiaryEffect.tscn.remap
[  98% ] savepack | 正在保存文件：res://game/survival_effect/StunEffect.tscn.remap
[  98% ] savepack | 正在保存文件：res://game/survival_skill/level1/Aim Enhancement.tscn.remap
[  98% ] savepack | 正在保存文件：res://game/survival_skill/level1/Firearm enhancement.tscn.remap
[  98% ] savepack | 正在保存文件：res://game/survival_skill/level1/Firepower Enhancement.tscn.remap
[  98% ] savepack | 正在保存文件：res://game/survival_skill/level1/Flashbang Grenade.tscn.remap
[  98% ] savepack | 正在保存文件：res://game/survival_skill/level1/Grizzly Armor.tscn.remap
[  98% ] savepack | 正在保存文件：res://game/survival_skill/level1/Guidance Device.tscn.remap
[  98% ] savepack | 正在保存文件：res://game/survival_skill/level1/Healing Device.tscn.remap
[  98% ] savepack | 正在保存文件：res://game/survival_skill/level1/Incendiary Bullet.tscn.remap
[  98% ] savepack | 正在保存文件：res://game/survival_skill/level1/Power Core.tscn.remap
[  98% ] savepack | 正在保存文件：res://game/survival_skill/level1/Quick Reload Magazine.tscn.remap
[  98% ] savepack | 正在保存文件：res://game/survival_skill/level1/Spare Magazine.tscn.remap
[  98% ] savepack | 正在保存文件：res://game/BaseFrame.gd.remap
[  98% ] savepack | 正在保存文件：res://game/Game.tscn.remap
[  98% ] savepack | 正在保存文件：res://joystick/virtual_joystick.gd.remap
[  98% ] savepack | 正在保存文件：res://joystick/virtual_joystick.tscn.remap
[  98% ] savepack | 正在保存文件：res://shader/Monster1.tres.remap
[  98% ] savepack | 正在保存文件：res://shader/SmoothPixel.tres.remap
[  98% ] savepack | 正在保存文件：res://ui/widgets/RewardShopItem.gd.remap
[  98% ] savepack | 正在保存文件：res://ui/RootLessonPanel.gd.remap
[  98% ] savepack | 正在保存文件：res://ui/ModUI.tscn.remap
[  98% ] savepack | 正在保存文件：res://ui/ModUI.gd.remap
[  98% ] savepack | 正在保存文件：res://ui/ModeSelect.tscn.remap
[  98% ] savepack | 正在保存文件：res://ui/ModeSelect.gd.remap
[  98% ] savepack | 正在保存文件：res://ui/MainUI.gd.remap
[  98% ] savepack | 正在保存文件：res://ui/widgets/RewardChoose.tscn.remap
[  98% ] savepack | 正在保存文件：res://ui/widgets/RewardChoose.gd.remap
[  98% ] savepack | 正在保存文件：res://ui/widgets/InvAMItem.tscn.remap
[  98% ] savepack | 正在保存文件：res://ui/widgets/HitLabel.tscn.remap
[  98% ] savepack | 正在保存文件：res://ui/widgets/HitLabel.gd.remap
[  98% ] savepack | 正在保存文件：res://ui/widgets/DeathBoard.tscn.remap
[  98% ] savepack | 正在保存文件：res://ui/widgets/DeathBoard.gd.remap
[  98% ] savepack | 正在保存文件：res://ui/widgets/Crosshair.tscn.remap
[  98% ] savepack | 正在保存文件：res://ui/widgets/Crosshair.gd.remap
[  98% ] savepack | 正在保存文件：res://ui/widgets/BulletCountItem.tscn.remap
[  98% ] savepack | 正在保存文件：res://ui/widgets/BulletCountItem.gd.remap
[  98% ] savepack | 正在保存文件：res://ui/widgets/AttachmentUIItem.tscn.remap
[  98% ] savepack | 正在保存文件：res://ui/widgets/AttachmentUIItem.gd.remap
[  98% ] savepack | 正在保存文件：res://ui/snow/EquipTexture.tscn.remap
[  98% ] savepack | 正在保存文件：res://ui/snow/EquipTexture.gd.remap
[  98% ] savepack | 正在保存文件：res://ui/snow/ChooseUI.tscn.remap
[  98% ] savepack | 正在保存文件：res://ui/snow/ChooseUI.gd.remap
[  98% ] savepack | 正在保存文件：res://ui/Inventory.tscn.remap
[  98% ] savepack | 正在保存文件：res://ui/Inventory.gd.remap
[  98% ] savepack | 正在保存文件：res://ui/GameUI.gd.remap
[  98% ] savepack | 正在保存文件：res://ui/DemoSettings.gd.remap
[  98% ] savepack | 正在保存文件：res://ui/DemoHUD.gd.remap
[  98% ] savepack | 正在保存文件：res://ui/ControlUI.tscn.remap
[  98% ] savepack | 正在保存文件：res://ui/ControlUI.gd.remap
[  98% ] savepack | 正在保存文件：res://ui/CampPanel.tscn.remap
[  98% ] savepack | 正在保存文件：res://ui/CampPanel.gd.remap
[  98% ] savepack | 正在保存文件：res://ui/BuildIcon.gd.remap
[  98% ] savepack | 正在保存文件：res://ui/BossHUD.gd.remap
[  98% ] savepack | 正在保存文件：res://ui/widgets/WeaponTopItem.tscn.remap
[  98% ] savepack | 正在保存文件：res://ui/widgets/WeaponTopItem.gd.remap
[  98% ] savepack | 正在保存文件：res://ui/widgets/WeaponListItem.tscn.remap
[  98% ] savepack | 正在保存文件：res://ui/widgets/WeaponListItem.gd.remap
[  98% ] savepack | 正在保存文件：res://ui/widgets/WeaponChooseItem.tscn.remap
[  98% ] savepack | 正在保存文件：res://ui/widgets/WeaponChooseItem.gd.remap
[  98% ] savepack | 正在保存文件：res://ui/widgets/WeaponChoose.tscn.remap
[  98% ] savepack | 正在保存文件：res://ui/widgets/WeaponChoose.gd.remap
[  98% ] savepack | 正在保存文件：res://ui/widgets/Tooltip.tscn.remap
[  98% ] savepack | 正在保存文件：res://ui/widgets/Tooltip.gd.remap
[  98% ] savepack | 正在保存文件：res://ui/widgets/ShopWeaponItem.tscn.remap
[  98% ] savepack | 正在保存文件：res://ui/widgets/ShopWeaponItem.gd.remap
[  98% ] savepack | 正在保存文件：res://.godot/global_script_class_cache.cfg
[  98% ] savepack | 正在保存文件：res://game-icon.png
[  98% ] savepack | 正在保存文件：res://.godot/uid_cache.bin
导出: 使用编辑器内嵌的文本服务器数据。如果导出模板是使用不同的 ICU 版本构建的，则导出项目中的文本显示可能会出现问题！
[  98% ] savepack | 正在保存文件：res://icudt_godot.dat
[  98% ] savepack | 正在保存文件：res://project.binary
[ DONE ] savepack

